noise_strength,seed,best_sampled_energy,approximation_ratio,success_probability
0.0,0,0.6450499999999972,0.9999999999999966,0.05810546875
0.005,0,0.6450499999999972,0.9999999999999966,0.05126953125
0.01,0,0.6450499999999972,0.9999999999999966,0.05224609375
0.02,0,0.6450499999999972,0.9999999999999966,0.03515625
0.04,0,0.6450499999999972,0.9999999999999966,0.02587890625
0.08,0,0.6450499999999972,0.9999999999999966,0.01806640625
0.15,0,0.6450499999999972,0.9999999999999966,0.0185546875
0.25,0,0.6450499999999972,0.9999999999999966,0.0146484375
0.0,1,0.5186500000000014,1.0000000000000042,0.07763671875
0.005,1,0.5186500000000014,1.0000000000000042,0.06982421875
0.01,1,0.5186500000000014,1.0000000000000042,0.05322265625
0.02,1,0.5186500000000014,1.0000000000000042,0.03759765625
0.04,1,0.5186500000000014,1.0000000000000042,0.02197265625
0.08,1,0.5186500000000014,1.0000000000000042,0.01806640625
0.15,1,0.5186500000000014,1.0000000000000042,0.0146484375
0.25,1,0.5186500000000014,1.0000000000000042,0.0166015625
0.0,2,0.7290499999999991,0.9999999999999976,0.03173828125
0.005,2,0.7290499999999991,0.9999999999999976,0.02197265625
0.01,2,0.7290499999999991,0.9999999999999976,0.0263671875
0.02,2,0.7290499999999991,0.9999999999999976,0.0205078125
0.04,2,0.7290499999999991,0.9999999999999976,0.02001953125
0.08,2,0.7290499999999991,0.9999999999999976,0.01025390625
0.15,2,0.7290499999999991,0.9999999999999976,0.01220703125
0.25,2,0.7290499999999991,0.9999999999999976,0.01708984375
0.0,3,0.5640999999999963,0.9999999999999937,0.03076171875
0.005,3,0.5640999999999963,0.9999999999999937,0.02880859375
0.01,3,0.5640999999999963,0.9999999999999937,0.02783203125
0.02,3,0.5640999999999963,0.9999999999999937,0.0244140625
0.04,3,0.5640999999999963,0.9999999999999937,0.01513671875
0.08,3,0.5640999999999963,0.9999999999999937,0.015625
0.15,3,0.5640999999999963,0.9999999999999937,0.01953125
0.25,3,0.5640999999999963,0.9999999999999937,0.015625
0.0,4,0.4376999999999982,0.999999999999997,0.04248046875
0.005,4,0.4376999999999982,0.999999999999997,0.0322265625
0.01,4,0.4376999999999982,0.999999999999997,0.03271484375
0.02,4,0.4376999999999982,0.999999999999997,0.03076171875
0.04,4,0.4376999999999982,0.999999999999997,0.01904296875
0.08,4,0.4376999999999982,0.999999999999997,0.01416015625
0.15,4,0.4376999999999982,0.999999999999997,0.0166015625
0.25,4,0.4376999999999982,0.999999999999997,0.01220703125
0.0,5,0.5640999999999963,0.9999999999999937,0.06103515625
0.005,5,0.5640999999999963,0.9999999999999937,0.05712890625
0.01,5,0.5640999999999963,0.9999999999999937,0.0478515625
0.02,5,0.5640999999999963,0.9999999999999937,0.04443359375
0.04,5,0.5640999999999963,0.9999999999999937,0.02490234375
0.08,5,0.5640999999999963,0.9999999999999937,0.0244140625
0.15,5,0.5640999999999963,0.9999999999999937,0.01708984375
0.25,5,0.5640999999999963,0.9999999999999937,0.01171875
0.0,6,0.5186500000000032,1.0000000000000078,0.0087890625
0.005,6,0.5186500000000032,1.0000000000000078,0.0087890625
0.01,6,0.5186500000000032,1.0000000000000078,0.0146484375
0.02,6,0.5186500000000032,1.0000000000000078,0.01171875
0.04,6,0.5186500000000032,1.0000000000000078,0.01806640625
0.08,6,0.5186500000000032,1.0000000000000078,0.01904296875
0.15,6,0.5186500000000032,1.0000000000000078,0.017578125
0.25,6,0.5186500000000032,1.0000000000000078,0.01611328125
0.0,7,0.5606499999999977,0.9999999999999977,0.02001953125
0.005,7,0.5606499999999977,0.9999999999999977,0.0185546875
0.01,7,0.5606499999999977,0.9999999999999977,0.01611328125
0.02,7,0.5606499999999977,0.9999999999999977,0.02294921875
0.04,7,0.5606499999999977,0.9999999999999977,0.0185546875
0.08,7,0.5606499999999977,0.9999999999999977,0.01416015625
0.15,7,0.5606499999999977,0.9999999999999977,0.0048828125
0.25,7,0.5606499999999977,0.9999999999999977,0.013671875
0.0,8,0.7714499999999971,0.9999999999999966,0.02734375
0.005,8,0.7714499999999971,0.9999999999999966,0.021484375
0.01,8,0.7714499999999971,0.9999999999999966,0.025390625
0.02,8,0.7714499999999971,0.9999999999999966,0.0302734375
0.04,8,0.7714499999999971,0.9999999999999966,0.01904296875
0.08,8,0.7714499999999971,0.9999999999999966,0.015625
0.15,8,0.7714499999999971,0.9999999999999966,0.0146484375
0.25,8,0.7714499999999971,0.9999999999999966,0.01953125
0.0,9,0.8169000000000031,1.0000000000000033,0.03466796875
0.005,9,0.8169000000000031,1.0000000000000033,0.0224609375
0.01,9,0.8169000000000031,1.0000000000000033,0.02734375
0.02,9,0.8169000000000031,1.0000000000000033,0.0263671875
0.04,9,0.8169000000000031,1.0000000000000033,0.0166015625
0.08,9,0.8169000000000031,1.0000000000000033,0.017578125
0.15,9,0.8169000000000031,1.0000000000000033,0.0126953125
0.25,9,0.8169000000000031,1.0000000000000033,0.0107421875
0.0,10,0.6446500000000004,1.0000000000000027,0.0556640625
0.005,10,0.6446500000000004,1.0000000000000027,0.04736328125
0.01,10,0.6446500000000004,1.0000000000000027,0.04443359375
0.02,10,0.6446500000000004,1.0000000000000027,0.0341796875
0.04,10,0.6446500000000004,1.0000000000000027,0.0166015625
0.08,10,0.6446500000000004,1.0000000000000027,0.01953125
0.15,10,0.6446500000000004,1.0000000000000027,0.01611328125
0.25,10,0.6446500000000004,1.0000000000000027,0.015625
0.0,11,0.8520000000000003,1.0,0.01123046875
0.005,11,0.8520000000000003,1.0,0.0126953125
0.01,11,0.8520000000000003,1.0,0.01220703125
0.02,11,0.8520000000000003,1.0,0.00927734375
0.04,11,0.8520000000000003,1.0,0.0166015625
0.08,11,0.8520000000000003,1.0,0.0166015625
0.15,11,0.8520000000000003,1.0,0.015625
0.25,11,0.8520000000000003,1.0,0.01513671875
0.0,12,0.5186500000000032,1.0000000000000078,0.00244140625
0.005,12,0.5186500000000032,1.0000000000000078,0.00439453125
0.01,12,0.5186500000000032,1.0000000000000078,0.00341796875
0.02,12,0.5186500000000032,1.0000000000000078,0.00634765625
0.04,12,0.5186500000000032,1.0000000000000078,0.0107421875
0.08,12,0.5186500000000032,1.0000000000000078,0.0166015625
0.15,12,0.5186500000000032,1.0000000000000078,0.017578125
0.25,12,0.5186500000000032,1.0000000000000078,0.015625
0.0,13,0.31129999999999924,1.0,0.0068359375
0.005,13,0.31129999999999924,1.0,0.005859375
0.01,13,0.31129999999999924,1.0,0.00634765625
0.02,13,0.31129999999999924,1.0,0.015625
0.04,13,0.31129999999999924,1.0,0.01220703125
0.08,13,0.31129999999999924,1.0,0.013671875
0.15,13,0.31129999999999924,1.0,0.017578125
0.25,13,0.31129999999999924,1.0,0.0185546875
0.0,14,0.6446500000000004,1.0000000000000027,0.0009765625
0.005,14,0.6446500000000004,1.0000000000000027,0.0009765625
0.01,14,0.6446500000000004,1.0000000000000027,0.0029296875
0.02,14,0.6446500000000004,1.0000000000000027,0.00439453125
0.04,14,0.6446500000000004,1.0000000000000027,0.00927734375
0.08,14,0.6446500000000004,1.0000000000000027,0.01171875
0.15,14,0.6446500000000004,1.0000000000000027,0.01220703125
0.25,14,0.6446500000000004,1.0000000000000027,0.015625
0.0,15,0.5186500000000032,1.0000000000000078,0.04052734375
0.005,15,0.5186500000000032,1.0000000000000078,0.0341796875
0.01,15,0.5186500000000032,1.0000000000000078,0.0234375
0.02,15,0.5186500000000032,1.0000000000000078,0.02880859375
0.04,15,0.5186500000000032,1.0000000000000078,0.0244140625
0.08,15,0.5186500000000032,1.0000000000000078,0.01611328125
0.15,15,0.5186500000000032,1.0000000000000078,0.0166015625
0.25,15,0.5186500000000032,1.0000000000000078,0.0185546875
0.0,16,0.5606499999999963,0.9999999999999952,0.01318359375
0.005,16,0.5606499999999963,0.9999999999999952,0.01611328125
0.01,16,0.5606499999999963,0.9999999999999952,0.013671875
0.02,16,0.5606499999999963,0.9999999999999952,0.017578125
0.04,16,0.5606499999999963,0.9999999999999952,0.02099609375
0.08,16,0.5606499999999963,0.9999999999999952,0.01416015625
0.15,16,0.5606499999999963,0.9999999999999952,0.01611328125
0.25,16,0.5606499999999963,0.9999999999999952,0.01220703125
0.0,17,0.5640999999999963,0.9999999999999937,0.0029296875
0.005,17,0.5640999999999963,0.9999999999999937,0.00390625
0.01,17,0.5640999999999963,0.9999999999999937,0.00439453125
0.02,17,0.5640999999999963,0.9999999999999937,0.01123046875
0.04,17,0.5640999999999963,0.9999999999999937,0.00927734375
0.08,17,0.5640999999999963,0.9999999999999937,0.01416015625
0.15,17,0.5640999999999963,0.9999999999999937,0.0205078125
0.25,17,0.5640999999999963,0.9999999999999937,0.01806640625
0.0,18,0.5606499999999972,0.9999999999999968,0.060546875
0.005,18,0.5606499999999972,0.9999999999999968,0.06298828125
0.01,18,0.5606499999999972,0.9999999999999968,0.046875
0.02,18,0.5606499999999972,0.9999999999999968,0.04052734375
0.04,18,0.5606499999999972,0.9999999999999968,0.02294921875
0.08,18,0.5606499999999972,0.9999999999999968,0.01708984375
0.15,18,0.5606499999999972,0.9999999999999968,0.0166015625
0.25,18,0.5606499999999972,0.9999999999999968,0.0126953125
0.0,19,0.8134499999999996,1.0,0.04541015625
0.005,19,0.8134499999999996,1.0,0.029296875
0.01,19,0.8134499999999996,1.0,0.02978515625
0.02,19,0.8134499999999996,1.0,0.02587890625
0.04,19,0.8134499999999996,1.0,0.01953125
0.08,19,0.8134499999999996,1.0,0.02197265625
0.15,19,0.8134499999999996,1.0,0.015625
0.25,19,0.8134499999999996,1.0,0.01904296875
0.0,20,1.2720599999999997,1.4930281690140836,0.0
0.005,20,0.8520000000000003,1.0,0.00146484375
0.01,20,0.8520000000000003,1.0,0.00244140625
0.02,20,0.8520000000000003,1.0,0.0087890625
0.04,20,0.8520000000000003,1.0,0.005859375
0.08,20,0.8520000000000003,1.0,0.0185546875
0.15,20,0.8520000000000003,1.0,0.0126953125
0.25,20,0.8520000000000003,1.0,0.01416015625
0.0,21,0.4376999999999982,0.999999999999997,0.08642578125
0.005,21,0.4376999999999982,0.999999999999997,0.07470703125
0.01,21,0.4376999999999982,0.999999999999997,0.0556640625
0.02,21,0.4376999999999982,0.999999999999997,0.04833984375
0.04,21,0.4376999999999982,0.999999999999997,0.0244140625
0.08,21,0.4376999999999982,0.999999999999997,0.01904296875
0.15,21,0.4376999999999982,0.999999999999997,0.01318359375
0.25,21,0.4376999999999982,0.999999999999997,0.01513671875
0.0,22,0.8940000000000037,1.000000000000002,0.009765625
0.005,22,0.8940000000000037,1.000000000000002,0.00830078125
0.01,22,0.8940000000000037,1.000000000000002,0.0078125
0.02,22,0.8940000000000037,1.000000000000002,0.0126953125
0.04,22,0.8940000000000037,1.000000000000002,0.0126953125
0.08,22,0.8940000000000037,1.000000000000002,0.017578125
0.15,22,0.8940000000000037,1.000000000000002,0.01806640625
0.25,22,0.8940000000000037,1.000000000000002,0.01025390625
0.0,23,0.8099999999999943,0.9999999999999946,0.02783203125
0.005,23,0.8099999999999943,0.9999999999999946,0.0234375
0.01,23,0.8099999999999943,0.9999999999999946,0.02001953125
0.02,23,0.8099999999999943,0.9999999999999946,0.025390625
0.04,23,0.8099999999999943,0.9999999999999946,0.015625
0.08,23,0.8099999999999943,0.9999999999999946,0.01806640625
0.15,23,0.8099999999999943,0.9999999999999946,0.0185546875
0.25,23,0.8099999999999943,0.9999999999999946,0.015625
0.0,24,0.5640999999999963,0.9999999999999937,0.00732421875
0.005,24,0.5640999999999963,0.9999999999999937,0.00830078125
0.01,24,0.5640999999999963,0.9999999999999937,0.0078125
0.02,24,0.5640999999999963,0.9999999999999937,0.01318359375
0.04,24,0.5640999999999963,0.9999999999999937,0.01171875
0.08,24,0.5640999999999963,0.9999999999999937,0.01220703125
0.15,24,0.5640999999999963,0.9999999999999937,0.01611328125
0.25,24,0.5640999999999963,0.9999999999999937,0.01123046875
0.0,25,0.9648299999999965,1.4043082745069464,0.0
0.005,25,0.6870499999999966,0.9999999999999961,0.0029296875
0.01,25,0.6870499999999966,0.9999999999999961,0.0029296875
0.02,25,0.6870499999999966,0.9999999999999961,0.00732421875
0.04,25,0.6870499999999966,0.9999999999999961,0.0107421875
0.08,25,0.6870499999999966,0.9999999999999961,0.01123046875
0.15,25,0.6870499999999966,0.9999999999999961,0.01123046875
0.25,25,0.6870499999999966,0.9999999999999961,0.02294921875
0.0,26,0.6450499999999972,0.9999999999999966,0.02587890625
0.005,26,0.6450499999999972,0.9999999999999966,0.02783203125
0.01,26,0.6450499999999972,0.9999999999999966,0.0234375
0.02,26,0.6450499999999972,0.9999999999999966,0.0234375
0.04,26,0.6450499999999972,0.9999999999999966,0.01708984375
0.08,26,0.6450499999999972,0.9999999999999966,0.01611328125
0.15,26,0.6450499999999972,0.9999999999999966,0.01806640625
0.25,26,0.6450499999999972,0.9999999999999966,0.01611328125
0.0,27,0.8099999999999934,0.9999999999999934,0.0185546875
0.005,27,0.8099999999999934,0.9999999999999934,0.01513671875
0.01,27,0.8099999999999934,0.9999999999999934,0.0166015625
0.02,27,0.8099999999999934,0.9999999999999934,0.01416015625
0.04,27,0.8099999999999934,0.9999999999999934,0.01220703125
0.08,27,0.8099999999999934,0.9999999999999934,0.0146484375
0.15,27,0.8099999999999934,0.9999999999999934,0.01904296875
0.25,27,0.8099999999999934,0.9999999999999934,0.0126953125
0.0,28,0.4376999999999982,0.999999999999997,0.0302734375
0.005,28,0.4376999999999982,0.999999999999997,0.0244140625
0.01,28,0.4376999999999982,0.999999999999997,0.02392578125
0.02,28,0.4376999999999982,0.999999999999997,0.02197265625
0.04,28,0.4376999999999982,0.999999999999997,0.02197265625
0.08,28,0.4376999999999982,0.999999999999997,0.01611328125
0.15,28,0.4376999999999982,0.999999999999997,0.0185546875
0.25,28,0.4376999999999982,0.999999999999997,0.01416015625
0.0,29,0.8134499999999978,0.9999999999999978,0.0517578125
0.005,29,0.8134499999999978,0.9999999999999978,0.05126953125
0.01,29,0.8134499999999978,0.9999999999999978,0.04052734375
0.02,29,0.8134499999999978,0.9999999999999978,0.03125
0.04,29,0.8134499999999978,0.9999999999999978,0.025390625
0.08,29,0.8134499999999978,0.9999999999999978,0.0205078125
0.15,29,0.8134499999999978,0.9999999999999978,0.01513671875
0.25,29,0.8134499999999978,0.9999999999999978,0.01318359375
