qber,seed,mode
0.01,0,QKD
0.01,0,PQC
0.01,0,QKD
0.01,0,QKD
0.01,1,QKD
0.01,1,PQC
0.01,1,PQC
0.01,1,PQC
0.01,2,PQC
0.01,2,QKD
0.01,2,QKD
0.01,2,PQC
0.01,3,PQC
0.01,3,PQC
0.01,3,PQC
0.01,3,PQC
0.01,4,PQC
0.01,4,PQC
0.01,4,PQC
0.01,4,QKD
0.01,5,PQC
0.01,5,PQC
0.01,5,QKD
0.01,5,PQC
0.01,6,QKD
0.01,6,PQC
0.01,6,PQC
0.01,6,PQC
0.01,7,PQC
0.01,7,QKD
0.01,7,QKD
0.01,7,PQC
0.01,8,QKD
0.01,8,PQC
0.01,8,QKD
0.01,8,PQC
0.01,9,PQC
0.01,9,PQC
0.01,9,QKD
0.01,9,PQC
0.01,10,PQC
0.01,10,PQC
0.01,10,QKD
0.01,10,PQC
0.01,11,PQC
0.01,11,QKD
0.01,11,PQC
0.01,11,PQC
0.01,12,QKD
0.01,12,PQC
0.01,12,PQC
0.01,12,PQC
0.01,13,PQC
0.01,13,PQC
0.01,13,PQC
0.01,13,PQC
0.01,14,PQC
0.01,14,PQC
0.01,14,QKD
0.01,14,PQC
0.01,15,QKD
0.01,15,PQC
0.01,15,PQC
0.01,15,PQC
0.01,16,QKD
0.01,16,PQC
0.01,16,PQC
0.01,16,PQC
0.01,17,PQC
0.01,17,PQC
0.01,17,PQC
0.01,17,QKD
0.01,18,QKD
0.01,18,PQC
0.01,18,PQC
0.01,18,QKD
0.01,19,QKD
0.01,19,PQC
0.01,19,PQC
0.01,19,PQC
0.01,20,QKD
0.01,20,QKD
0.01,20,QKD
0.01,20,PQC
0.01,21,PQC
0.01,21,PQC
0.01,21,PQC
0.01,21,PQC
0.01,22,QKD
0.01,22,PQC
0.01,22,QKD
0.01,22,PQC
0.01,23,QKD
0.01,23,QKD
0.01,23,QKD
0.01,23,QKD
0.01,24,PQC
0.01,24,PQC
0.01,24,PQC
0.01,24,PQC
0.01,25,QKD
0.01,25,PQC
0.01,25,PQC
0.01,25,PQC
0.01,26,QKD
0.01,26,PQC
0.01,26,QKD
0.01,26,QKD
0.01,27,QKD
0.01,27,QKD
0.01,27,QKD
0.01,27,QKD
0.01,28,PQC
0.01,28,PQC
0.01,28,PQC
0.01,28,QKD
0.01,29,PQC
0.01,29,QKD
0.01,29,PQC
0.01,29,QKD
0.020000000000000004,0,QKD
0.020000000000000004,0,PQC
0.020000000000000004,0,QKD
0.020000000000000004,0,QKD
0.020000000000000004,1,QKD
0.020000000000000004,1,PQC
0.020000000000000004,1,PQC
0.020000000000000004,1,PQC
0.020000000000000004,2,PQC
0.020000000000000004,2,QKD
0.020000000000000004,2,QKD
0.020000000000000004,2,PQC
0.020000000000000004,3,PQC
0.020000000000000004,3,PQC
0.020000000000000004,3,PQC
0.020000000000000004,3,PQC
0.020000000000000004,4,PQC
0.020000000000000004,4,PQC
0.020000000000000004,4,PQC
0.020000000000000004,4,QKD
0.020000000000000004,5,PQC
0.020000000000000004,5,PQC
0.020000000000000004,5,QKD
0.020000000000000004,5,PQC
0.020000000000000004,6,QKD
0.020000000000000004,6,PQC
0.020000000000000004,6,PQC
0.020000000000000004,6,PQC
0.020000000000000004,7,PQC
0.020000000000000004,7,QKD
0.020000000000000004,7,QKD
0.020000000000000004,7,PQC
0.020000000000000004,8,QKD
0.020000000000000004,8,PQC
0.020000000000000004,8,QKD
0.020000000000000004,8,PQC
0.020000000000000004,9,PQC
0.020000000000000004,9,PQC
0.020000000000000004,9,QKD
0.020000000000000004,9,PQC
0.020000000000000004,10,PQC
0.020000000000000004,10,PQC
0.020000000000000004,10,QKD
0.020000000000000004,10,PQC
0.020000000000000004,11,PQC
0.020000000000000004,11,QKD
0.020000000000000004,11,PQC
0.020000000000000004,11,PQC
0.020000000000000004,12,QKD
0.020000000000000004,12,PQC
0.020000000000000004,12,PQC
0.020000000000000004,12,PQC
0.020000000000000004,13,PQC
0.020000000000000004,13,PQC
0.020000000000000004,13,PQC
0.020000000000000004,13,PQC
0.020000000000000004,14,PQC
0.020000000000000004,14,PQC
0.020000000000000004,14,QKD
0.020000000000000004,14,PQC
0.020000000000000004,15,QKD
0.020000000000000004,15,PQC
0.020000000000000004,15,PQC
0.020000000000000004,15,PQC
0.020000000000000004,16,QKD
0.020000000000000004,16,PQC
0.020000000000000004,16,PQC
0.020000000000000004,16,PQC
0.020000000000000004,17,PQC
0.020000000000000004,17,PQC
0.020000000000000004,17,PQC
0.020000000000000004,17,QKD
0.020000000000000004,18,QKD
0.020000000000000004,18,PQC
0.020000000000000004,18,PQC
0.020000000000000004,18,QKD
0.020000000000000004,19,QKD
0.020000000000000004,19,PQC
0.020000000000000004,19,PQC
0.020000000000000004,19,PQC
0.020000000000000004,20,QKD
0.020000000000000004,20,QKD
0.020000000000000004,20,QKD
0.020000000000000004,20,PQC
0.020000000000000004,21,PQC
0.020000000000000004,21,PQC
0.020000000000000004,21,PQC
0.020000000000000004,21,PQC
0.020000000000000004,22,QKD
0.020000000000000004,22,PQC
0.020000000000000004,22,QKD
0.020000000000000004,22,PQC
0.020000000000000004,23,QKD
0.020000000000000004,23,QKD
0.020000000000000004,23,QKD
0.020000000000000004,23,QKD
0.020000000000000004,24,PQC
0.020000000000000004,24,PQC
0.020000000000000004,24,PQC
0.020000000000000004,24,PQC
0.020000000000000004,25,QKD
0.020000000000000004,25,PQC
0.020000000000000004,25,PQC
0.020000000000000004,25,PQC
0.020000000000000004,26,QKD
0.020000000000000004,26,PQC
0.020000000000000004,26,QKD
0.020000000000000004,26,QKD
0.020000000000000004,27,QKD
0.020000000000000004,27,QKD
0.020000000000000004,27,QKD
0.020000000000000004,27,QKD
0.020000000000000004,28,PQC
0.020000000000000004,28,PQC
0.020000000000000004,28,PQC
0.020000000000000004,28,QKD
0.020000000000000004,29,PQC
0.020000000000000004,29,QKD
0.020000000000000004,29,PQC
0.020000000000000004,29,QKD
0.030000000000000006,0,QKD
0.030000000000000006,0,PQC
0.030000000000000006,0,QKD
0.030000000000000006,0,QKD
0.030000000000000006,1,QKD
0.030000000000000006,1,PQC
0.030000000000000006,1,PQC
0.030000000000000006,1,PQC
0.030000000000000006,2,PQC
0.030000000000000006,2,QKD
0.030000000000000006,2,QKD
0.030000000000000006,2,PQC
0.030000000000000006,3,PQC
0.030000000000000006,3,PQC
0.030000000000000006,3,PQC
0.030000000000000006,3,PQC
0.030000000000000006,4,PQC
0.030000000000000006,4,PQC
0.030000000000000006,4,PQC
0.030000000000000006,4,QKD
0.030000000000000006,5,PQC
0.030000000000000006,5,PQC
0.030000000000000006,5,QKD
0.030000000000000006,5,PQC
0.030000000000000006,6,QKD
0.030000000000000006,6,PQC
0.030000000000000006,6,PQC
0.030000000000000006,6,PQC
0.030000000000000006,7,PQC
0.030000000000000006,7,QKD
0.030000000000000006,7,QKD
0.030000000000000006,7,PQC
0.030000000000000006,8,QKD
0.030000000000000006,8,PQC
0.030000000000000006,8,QKD
0.030000000000000006,8,PQC
0.030000000000000006,9,PQC
0.030000000000000006,9,PQC
0.030000000000000006,9,QKD
0.030000000000000006,9,PQC
0.030000000000000006,10,PQC
0.030000000000000006,10,PQC
0.030000000000000006,10,QKD
0.030000000000000006,10,PQC
0.030000000000000006,11,PQC
0.030000000000000006,11,QKD
0.030000000000000006,11,PQC
0.030000000000000006,11,PQC
0.030000000000000006,12,QKD
0.030000000000000006,12,PQC
0.030000000000000006,12,PQC
0.030000000000000006,12,PQC
0.030000000000000006,13,PQC
0.030000000000000006,13,PQC
0.030000000000000006,13,PQC
0.030000000000000006,13,PQC
0.030000000000000006,14,PQC
0.030000000000000006,14,PQC
0.030000000000000006,14,QKD
0.030000000000000006,14,PQC
0.030000000000000006,15,QKD
0.030000000000000006,15,PQC
0.030000000000000006,15,PQC
0.030000000000000006,15,PQC
0.030000000000000006,16,QKD
0.030000000000000006,16,PQC
0.030000000000000006,16,PQC
0.030000000000000006,16,PQC
0.030000000000000006,17,PQC
0.030000000000000006,17,PQC
0.030000000000000006,17,PQC
0.030000000000000006,17,QKD
0.030000000000000006,18,QKD
0.030000000000000006,18,PQC
0.030000000000000006,18,PQC
0.030000000000000006,18,QKD
0.030000000000000006,19,QKD
0.030000000000000006,19,PQC
0.030000000000000006,19,PQC
0.030000000000000006,19,PQC
0.030000000000000006,20,QKD
0.030000000000000006,20,QKD
0.030000000000000006,20,QKD
0.030000000000000006,20,PQC
0.030000000000000006,21,PQC
0.030000000000000006,21,PQC
0.030000000000000006,21,PQC
0.030000000000000006,21,PQC
0.030000000000000006,22,QKD
0.030000000000000006,22,PQC
0.030000000000000006,22,QKD
0.030000000000000006,22,PQC
0.030000000000000006,23,QKD
0.030000000000000006,23,QKD
0.030000000000000006,23,QKD
0.030000000000000006,23,QKD
0.030000000000000006,24,PQC
0.030000000000000006,24,PQC
0.030000000000000006,24,PQC
0.030000000000000006,24,PQC
0.030000000000000006,25,QKD
0.030000000000000006,25,PQC
0.030000000000000006,25,PQC
0.030000000000000006,25,PQC
0.030000000000000006,26,QKD
0.030000000000000006,26,PQC
0.030000000000000006,26,QKD
0.030000000000000006,26,QKD
0.030000000000000006,27,QKD
0.030000000000000006,27,QKD
0.030000000000000006,27,QKD
0.030000000000000006,27,QKD
0.030000000000000006,28,PQC
0.030000000000000006,28,PQC
0.030000000000000006,28,PQC
0.030000000000000006,28,QKD
0.030000000000000006,29,PQC
0.030000000000000006,29,QKD
0.030000000000000006,29,PQC
0.030000000000000006,29,QKD
0.04000000000000001,0,QKD
0.04000000000000001,0,PQC
0.04000000000000001,0,QKD
0.04000000000000001,0,QKD
0.04000000000000001,1,QKD
0.04000000000000001,1,PQC
0.04000000000000001,1,PQC
0.04000000000000001,1,PQC
0.04000000000000001,2,PQC
0.04000000000000001,2,QKD
0.04000000000000001,2,QKD
0.04000000000000001,2,PQC
0.04000000000000001,3,PQC
0.04000000000000001,3,PQC
0.04000000000000001,3,PQC
0.04000000000000001,3,PQC
0.04000000000000001,4,PQC
0.04000000000000001,4,PQC
0.04000000000000001,4,PQC
0.04000000000000001,4,QKD
0.04000000000000001,5,PQC
0.04000000000000001,5,PQC
0.04000000000000001,5,QKD
0.04000000000000001,5,PQC
0.04000000000000001,6,QKD
0.04000000000000001,6,PQC
0.04000000000000001,6,PQC
0.04000000000000001,6,PQC
0.04000000000000001,7,PQC
0.04000000000000001,7,QKD
0.04000000000000001,7,QKD
0.04000000000000001,7,PQC
0.04000000000000001,8,QKD
0.04000000000000001,8,PQC
0.04000000000000001,8,QKD
0.04000000000000001,8,PQC
0.04000000000000001,9,PQC
0.04000000000000001,9,PQC
0.04000000000000001,9,QKD
0.04000000000000001,9,PQC
0.04000000000000001,10,PQC
0.04000000000000001,10,PQC
0.04000000000000001,10,QKD
0.04000000000000001,10,PQC
0.04000000000000001,11,PQC
0.04000000000000001,11,QKD
0.04000000000000001,11,PQC
0.04000000000000001,11,PQC
0.04000000000000001,12,QKD
0.04000000000000001,12,PQC
0.04000000000000001,12,PQC
0.04000000000000001,12,PQC
0.04000000000000001,13,PQC
0.04000000000000001,13,PQC
0.04000000000000001,13,PQC
0.04000000000000001,13,PQC
0.04000000000000001,14,PQC
0.04000000000000001,14,PQC
0.04000000000000001,14,QKD
0.04000000000000001,14,PQC
0.04000000000000001,15,QKD
0.04000000000000001,15,PQC
0.04000000000000001,15,PQC
0.04000000000000001,15,PQC
0.04000000000000001,16,QKD
0.04000000000000001,16,PQC
0.04000000000000001,16,PQC
0.04000000000000001,16,PQC
0.04000000000000001,17,PQC
0.04000000000000001,17,PQC
0.04000000000000001,17,PQC
0.04000000000000001,17,QKD
0.04000000000000001,18,QKD
0.04000000000000001,18,PQC
0.04000000000000001,18,PQC
0.04000000000000001,18,QKD
0.04000000000000001,19,QKD
0.04000000000000001,19,PQC
0.04000000000000001,19,PQC
0.04000000000000001,19,PQC
0.04000000000000001,20,QKD
0.04000000000000001,20,QKD
0.04000000000000001,20,QKD
0.04000000000000001,20,PQC
0.04000000000000001,21,PQC
0.04000000000000001,21,PQC
0.04000000000000001,21,PQC
0.04000000000000001,21,PQC
0.04000000000000001,22,QKD
0.04000000000000001,22,PQC
0.04000000000000001,22,QKD
0.04000000000000001,22,PQC
0.04000000000000001,23,QKD
0.04000000000000001,23,QKD
0.04000000000000001,23,QKD
0.04000000000000001,23,QKD
0.04000000000000001,24,PQC
0.04000000000000001,24,PQC
0.04000000000000001,24,PQC
0.04000000000000001,24,PQC
0.04000000000000001,25,QKD
0.04000000000000001,25,PQC
0.04000000000000001,25,PQC
0.04000000000000001,25,PQC
0.04000000000000001,26,QKD
0.04000000000000001,26,PQC
0.04000000000000001,26,QKD
0.04000000000000001,26,QKD
0.04000000000000001,27,QKD
0.04000000000000001,27,QKD
0.04000000000000001,27,QKD
0.04000000000000001,27,QKD
0.04000000000000001,28,PQC
0.04000000000000001,28,PQC
0.04000000000000001,28,PQC
0.04000000000000001,28,QKD
0.04000000000000001,29,PQC
0.04000000000000001,29,QKD
0.04000000000000001,29,PQC
0.04000000000000001,29,QKD
0.05000000000000001,0,HYBRID
0.05000000000000001,0,PQC
0.05000000000000001,0,QKD
0.05000000000000001,0,HYBRID
0.05000000000000001,1,HYBRID
0.05000000000000001,1,PQC
0.05000000000000001,1,PQC
0.05000000000000001,1,PQC
0.05000000000000001,2,PQC
0.05000000000000001,2,QKD
0.05000000000000001,2,QKD
0.05000000000000001,2,PQC
0.05000000000000001,3,PQC
0.05000000000000001,3,PQC
0.05000000000000001,3,PQC
0.05000000000000001,3,PQC
0.05000000000000001,4,PQC
0.05000000000000001,4,PQC
0.05000000000000001,4,PQC
0.05000000000000001,4,HYBRID
0.05000000000000001,5,PQC
0.05000000000000001,5,PQC
0.05000000000000001,5,HYBRID
0.05000000000000001,5,PQC
0.05000000000000001,6,HYBRID
0.05000000000000001,6,PQC
0.05000000000000001,6,PQC
0.05000000000000001,6,PQC
0.05000000000000001,7,PQC
0.05000000000000001,7,QKD
0.05000000000000001,7,QKD
0.05000000000000001,7,PQC
0.05000000000000001,8,QKD
0.05000000000000001,8,PQC
0.05000000000000001,8,QKD
0.05000000000000001,8,PQC
0.05000000000000001,9,PQC
0.05000000000000001,9,PQC
0.05000000000000001,9,HYBRID
0.05000000000000001,9,PQC
0.05000000000000001,10,PQC
0.05000000000000001,10,PQC
0.05000000000000001,10,QKD
0.05000000000000001,10,PQC
0.05000000000000001,11,PQC
0.05000000000000001,11,QKD
0.05000000000000001,11,PQC
0.05000000000000001,11,PQC
0.05000000000000001,12,QKD
0.05000000000000001,12,PQC
0.05000000000000001,12,PQC
0.05000000000000001,12,PQC
0.05000000000000001,13,PQC
0.05000000000000001,13,PQC
0.05000000000000001,13,PQC
0.05000000000000001,13,PQC
0.05000000000000001,14,PQC
0.05000000000000001,14,PQC
0.05000000000000001,14,QKD
0.05000000000000001,14,PQC
0.05000000000000001,15,HYBRID
0.05000000000000001,15,PQC
0.05000000000000001,15,PQC
0.05000000000000001,15,PQC
0.05000000000000001,16,HYBRID
0.05000000000000001,16,PQC
0.05000000000000001,16,PQC
0.05000000000000001,16,PQC
0.05000000000000001,17,PQC
0.05000000000000001,17,PQC
0.05000000000000001,17,PQC
0.05000000000000001,17,QKD
0.05000000000000001,18,QKD
0.05000000000000001,18,PQC
0.05000000000000001,18,PQC
0.05000000000000001,18,QKD
0.05000000000000001,19,QKD
0.05000000000000001,19,PQC
0.05000000000000001,19,PQC
0.05000000000000001,19,PQC
0.05000000000000001,20,QKD
0.05000000000000001,20,QKD
0.05000000000000001,20,QKD
0.05000000000000001,20,PQC
0.05000000000000001,21,PQC
0.05000000000000001,21,PQC
0.05000000000000001,21,PQC
0.05000000000000001,21,PQC
0.05000000000000001,22,HYBRID
0.05000000000000001,22,PQC
0.05000000000000001,22,QKD
0.05000000000000001,22,PQC
0.05000000000000001,23,QKD
0.05000000000000001,23,QKD
0.05000000000000001,23,HYBRID
0.05000000000000001,23,QKD
0.05000000000000001,24,PQC
0.05000000000000001,24,PQC
0.05000000000000001,24,PQC
0.05000000000000001,24,PQC
0.05000000000000001,25,QKD
0.05000000000000001,25,PQC
0.05000000000000001,25,PQC
0.05000000000000001,25,PQC
0.05000000000000001,26,QKD
0.05000000000000001,26,PQC
0.05000000000000001,26,HYBRID
0.05000000000000001,26,HYBRID
0.05000000000000001,27,QKD
0.05000000000000001,27,QKD
0.05000000000000001,27,HYBRID
0.05000000000000001,27,QKD
0.05000000000000001,28,PQC
0.05000000000000001,28,PQC
0.05000000000000001,28,PQC
0.05000000000000001,28,QKD
0.05000000000000001,29,PQC
0.05000000000000001,29,QKD
0.05000000000000001,29,PQC
0.05000000000000001,29,QKD
0.06000000000000001,0,HYBRID
0.06000000000000001,0,PQC
0.06000000000000001,0,QKD
0.06000000000000001,0,HYBRID
0.06000000000000001,1,HYBRID
0.06000000000000001,1,PQC
0.06000000000000001,1,PQC
0.06000000000000001,1,PQC
0.06000000000000001,2,PQC
0.06000000000000001,2,QKD
0.06000000000000001,2,QKD
0.06000000000000001,2,PQC
0.06000000000000001,3,PQC
0.06000000000000001,3,PQC
0.06000000000000001,3,PQC
0.06000000000000001,3,PQC
0.06000000000000001,4,PQC
0.06000000000000001,4,PQC
0.06000000000000001,4,PQC
0.06000000000000001,4,HYBRID
0.06000000000000001,5,PQC
0.06000000000000001,5,PQC
0.06000000000000001,5,HYBRID
0.06000000000000001,5,PQC
0.06000000000000001,6,HYBRID
0.06000000000000001,6,PQC
0.06000000000000001,6,PQC
0.06000000000000001,6,PQC
0.06000000000000001,7,PQC
0.06000000000000001,7,QKD
0.06000000000000001,7,QKD
0.06000000000000001,7,PQC
0.06000000000000001,8,QKD
0.06000000000000001,8,PQC
0.06000000000000001,8,QKD
0.06000000000000001,8,PQC
0.06000000000000001,9,PQC
0.06000000000000001,9,PQC
0.06000000000000001,9,HYBRID
0.06000000000000001,9,PQC
0.06000000000000001,10,PQC
0.06000000000000001,10,PQC
0.06000000000000001,10,QKD
0.06000000000000001,10,PQC
0.06000000000000001,11,PQC
0.06000000000000001,11,QKD
0.06000000000000001,11,PQC
0.06000000000000001,11,PQC
0.06000000000000001,12,QKD
0.06000000000000001,12,PQC
0.06000000000000001,12,PQC
0.06000000000000001,12,PQC
0.06000000000000001,13,PQC
0.06000000000000001,13,PQC
0.06000000000000001,13,PQC
0.06000000000000001,13,PQC
0.06000000000000001,14,PQC
0.06000000000000001,14,PQC
0.06000000000000001,14,QKD
0.06000000000000001,14,PQC
0.06000000000000001,15,HYBRID
0.06000000000000001,15,PQC
0.06000000000000001,15,PQC
0.06000000000000001,15,PQC
0.06000000000000001,16,HYBRID
0.06000000000000001,16,PQC
0.06000000000000001,16,PQC
0.06000000000000001,16,PQC
0.06000000000000001,17,PQC
0.06000000000000001,17,PQC
0.06000000000000001,17,PQC
0.06000000000000001,17,QKD
0.06000000000000001,18,QKD
0.06000000000000001,18,PQC
0.06000000000000001,18,PQC
0.06000000000000001,18,QKD
0.06000000000000001,19,QKD
0.06000000000000001,19,PQC
0.06000000000000001,19,PQC
0.06000000000000001,19,PQC
0.06000000000000001,20,QKD
0.06000000000000001,20,QKD
0.06000000000000001,20,QKD
0.06000000000000001,20,PQC
0.06000000000000001,21,PQC
0.06000000000000001,21,PQC
0.06000000000000001,21,PQC
0.06000000000000001,21,PQC
0.06000000000000001,22,HYBRID
0.06000000000000001,22,PQC
0.06000000000000001,22,QKD
0.06000000000000001,22,PQC
0.06000000000000001,23,QKD
0.06000000000000001,23,QKD
0.06000000000000001,23,HYBRID
0.06000000000000001,23,QKD
0.06000000000000001,24,PQC
0.06000000000000001,24,PQC
0.06000000000000001,24,PQC
0.06000000000000001,24,PQC
0.06000000000000001,25,QKD
0.06000000000000001,25,PQC
0.06000000000000001,25,PQC
0.06000000000000001,25,PQC
0.06000000000000001,26,QKD
0.06000000000000001,26,PQC
0.06000000000000001,26,HYBRID
0.06000000000000001,26,HYBRID
0.06000000000000001,27,QKD
0.06000000000000001,27,QKD
0.06000000000000001,27,HYBRID
0.06000000000000001,27,QKD
0.06000000000000001,28,PQC
0.06000000000000001,28,PQC
0.06000000000000001,28,PQC
0.06000000000000001,28,QKD
0.06000000000000001,29,PQC
0.06000000000000001,29,QKD
0.06000000000000001,29,PQC
0.06000000000000001,29,QKD
0.07,0,HYBRID
0.07,0,PQC
0.07,0,QKD
0.07,0,HYBRID
0.07,1,HYBRID
0.07,1,PQC
0.07,1,PQC
0.07,1,PQC
0.07,2,PQC
0.07,2,QKD
0.07,2,QKD
0.07,2,PQC
0.07,3,PQC
0.07,3,PQC
0.07,3,PQC
0.07,3,PQC
0.07,4,PQC
0.07,4,PQC
0.07,4,PQC
0.07,4,HYBRID
0.07,5,PQC
0.07,5,PQC
0.07,5,HYBRID
0.07,5,PQC
0.07,6,HYBRID
0.07,6,PQC
0.07,6,PQC
0.07,6,PQC
0.07,7,PQC
0.07,7,QKD
0.07,7,QKD
0.07,7,PQC
0.07,8,QKD
0.07,8,PQC
0.07,8,QKD
0.07,8,PQC
0.07,9,PQC
0.07,9,PQC
0.07,9,HYBRID
0.07,9,PQC
0.07,10,PQC
0.07,10,PQC
0.07,10,QKD
0.07,10,PQC
0.07,11,PQC
0.07,11,QKD
0.07,11,PQC
0.07,11,PQC
0.07,12,QKD
0.07,12,PQC
0.07,12,PQC
0.07,12,PQC
0.07,13,PQC
0.07,13,PQC
0.07,13,PQC
0.07,13,PQC
0.07,14,PQC
0.07,14,PQC
0.07,14,QKD
0.07,14,PQC
0.07,15,HYBRID
0.07,15,PQC
0.07,15,PQC
0.07,15,PQC
0.07,16,HYBRID
0.07,16,PQC
0.07,16,PQC
0.07,16,PQC
0.07,17,PQC
0.07,17,PQC
0.07,17,PQC
0.07,17,QKD
0.07,18,QKD
0.07,18,PQC
0.07,18,PQC
0.07,18,QKD
0.07,19,QKD
0.07,19,PQC
0.07,19,PQC
0.07,19,PQC
0.07,20,QKD
0.07,20,QKD
0.07,20,QKD
0.07,20,PQC
0.07,21,PQC
0.07,21,PQC
0.07,21,PQC
0.07,21,PQC
0.07,22,HYBRID
0.07,22,PQC
0.07,22,QKD
0.07,22,PQC
0.07,23,QKD
0.07,23,QKD
0.07,23,HYBRID
0.07,23,QKD
0.07,24,PQC
0.07,24,PQC
0.07,24,PQC
0.07,24,PQC
0.07,25,QKD
0.07,25,PQC
0.07,25,PQC
0.07,25,PQC
0.07,26,QKD
0.07,26,PQC
0.07,26,HYBRID
0.07,26,HYBRID
0.07,27,QKD
0.07,27,QKD
0.07,27,HYBRID
0.07,27,QKD
0.07,28,PQC
0.07,28,PQC
0.07,28,PQC
0.07,28,QKD
0.07,29,PQC
0.07,29,QKD
0.07,29,PQC
0.07,29,QKD
0.08,0,HYBRID
0.08,0,PQC
0.08,0,QKD
0.08,0,HYBRID
0.08,1,HYBRID
0.08,1,PQC
0.08,1,PQC
0.08,1,PQC
0.08,2,PQC
0.08,2,QKD
0.08,2,QKD
0.08,2,PQC
0.08,3,PQC
0.08,3,PQC
0.08,3,PQC
0.08,3,PQC
0.08,4,PQC
0.08,4,PQC
0.08,4,PQC
0.08,4,HYBRID
0.08,5,PQC
0.08,5,PQC
0.08,5,HYBRID
0.08,5,PQC
0.08,6,HYBRID
0.08,6,PQC
0.08,6,PQC
0.08,6,PQC
0.08,7,PQC
0.08,7,QKD
0.08,7,QKD
0.08,7,PQC
0.08,8,QKD
0.08,8,PQC
0.08,8,QKD
0.08,8,PQC
0.08,9,PQC
0.08,9,PQC
0.08,9,HYBRID
0.08,9,PQC
0.08,10,PQC
0.08,10,PQC
0.08,10,QKD
0.08,10,PQC
0.08,11,PQC
0.08,11,QKD
0.08,11,PQC
0.08,11,PQC
0.08,12,QKD
0.08,12,PQC
0.08,12,PQC
0.08,12,PQC
0.08,13,PQC
0.08,13,PQC
0.08,13,PQC
0.08,13,PQC
0.08,14,PQC
0.08,14,PQC
0.08,14,QKD
0.08,14,PQC
0.08,15,HYBRID
0.08,15,PQC
0.08,15,PQC
0.08,15,PQC
0.08,16,HYBRID
0.08,16,PQC
0.08,16,PQC
0.08,16,PQC
0.08,17,PQC
0.08,17,PQC
0.08,17,PQC
0.08,17,QKD
0.08,18,QKD
0.08,18,PQC
0.08,18,PQC
0.08,18,QKD
0.08,19,QKD
0.08,19,PQC
0.08,19,PQC
0.08,19,PQC
0.08,20,QKD
0.08,20,QKD
0.08,20,QKD
0.08,20,PQC
0.08,21,PQC
0.08,21,PQC
0.08,21,PQC
0.08,21,PQC
0.08,22,HYBRID
0.08,22,PQC
0.08,22,QKD
0.08,22,PQC
0.08,23,QKD
0.08,23,QKD
0.08,23,HYBRID
0.08,23,QKD
0.08,24,PQC
0.08,24,PQC
0.08,24,PQC
0.08,24,PQC
0.08,25,QKD
0.08,25,PQC
0.08,25,PQC
0.08,25,PQC
0.08,26,QKD
0.08,26,PQC
0.08,26,HYBRID
0.08,26,HYBRID
0.08,27,QKD
0.08,27,QKD
0.08,27,HYBRID
0.08,27,QKD
0.08,28,PQC
0.08,28,PQC
0.08,28,PQC
0.08,28,QKD
0.08,29,PQC
0.08,29,QKD
0.08,29,PQC
0.08,29,QKD
0.09000000000000001,0,HYBRID
0.09000000000000001,0,PQC
0.09000000000000001,0,QKD
0.09000000000000001,0,HYBRID
0.09000000000000001,1,HYBRID
0.09000000000000001,1,PQC
0.09000000000000001,1,PQC
0.09000000000000001,1,PQC
0.09000000000000001,2,PQC
0.09000000000000001,2,QKD
0.09000000000000001,2,QKD
0.09000000000000001,2,PQC
0.09000000000000001,3,PQC
0.09000000000000001,3,PQC
0.09000000000000001,3,PQC
0.09000000000000001,3,PQC
0.09000000000000001,4,PQC
0.09000000000000001,4,PQC
0.09000000000000001,4,PQC
0.09000000000000001,4,HYBRID
0.09000000000000001,5,PQC
0.09000000000000001,5,PQC
0.09000000000000001,5,HYBRID
0.09000000000000001,5,PQC
0.09000000000000001,6,HYBRID
0.09000000000000001,6,PQC
0.09000000000000001,6,PQC
0.09000000000000001,6,PQC
0.09000000000000001,7,PQC
0.09000000000000001,7,QKD
0.09000000000000001,7,QKD
0.09000000000000001,7,PQC
0.09000000000000001,8,QKD
0.09000000000000001,8,PQC
0.09000000000000001,8,QKD
0.09000000000000001,8,PQC
0.09000000000000001,9,PQC
0.09000000000000001,9,PQC
0.09000000000000001,9,HYBRID
0.09000000000000001,9,PQC
0.09000000000000001,10,PQC
0.09000000000000001,10,PQC
0.09000000000000001,10,QKD
0.09000000000000001,10,PQC
0.09000000000000001,11,PQC
0.09000000000000001,11,QKD
0.09000000000000001,11,PQC
0.09000000000000001,11,PQC
0.09000000000000001,12,QKD
0.09000000000000001,12,PQC
0.09000000000000001,12,PQC
0.09000000000000001,12,PQC
0.09000000000000001,13,PQC
0.09000000000000001,13,PQC
0.09000000000000001,13,PQC
0.09000000000000001,13,PQC
0.09000000000000001,14,PQC
0.09000000000000001,14,PQC
0.09000000000000001,14,QKD
0.09000000000000001,14,PQC
0.09000000000000001,15,HYBRID
0.09000000000000001,15,PQC
0.09000000000000001,15,PQC
0.09000000000000001,15,PQC
0.09000000000000001,16,HYBRID
0.09000000000000001,16,PQC
0.09000000000000001,16,PQC
0.09000000000000001,16,PQC
0.09000000000000001,17,PQC
0.09000000000000001,17,PQC
0.09000000000000001,17,PQC
0.09000000000000001,17,QKD
0.09000000000000001,18,QKD
0.09000000000000001,18,PQC
0.09000000000000001,18,PQC
0.09000000000000001,18,QKD
0.09000000000000001,19,QKD
0.09000000000000001,19,PQC
0.09000000000000001,19,PQC
0.09000000000000001,19,PQC
0.09000000000000001,20,QKD
0.09000000000000001,20,QKD
0.09000000000000001,20,QKD
0.09000000000000001,20,PQC
0.09000000000000001,21,PQC
0.09000000000000001,21,PQC
0.09000000000000001,21,PQC
0.09000000000000001,21,PQC
0.09000000000000001,22,HYBRID
0.09000000000000001,22,PQC
0.09000000000000001,22,QKD
0.09000000000000001,22,PQC
0.09000000000000001,23,QKD
0.09000000000000001,23,QKD
0.09000000000000001,23,HYBRID
0.09000000000000001,23,QKD
0.09000000000000001,24,PQC
0.09000000000000001,24,PQC
0.09000000000000001,24,PQC
0.09000000000000001,24,PQC
0.09000000000000001,25,QKD
0.09000000000000001,25,PQC
0.09000000000000001,25,PQC
0.09000000000000001,25,PQC
0.09000000000000001,26,QKD
0.09000000000000001,26,PQC
0.09000000000000001,26,HYBRID
0.09000000000000001,26,HYBRID
0.09000000000000001,27,QKD
0.09000000000000001,27,QKD
0.09000000000000001,27,HYBRID
0.09000000000000001,27,QKD
0.09000000000000001,28,PQC
0.09000000000000001,28,PQC
0.09000000000000001,28,PQC
0.09000000000000001,28,QKD
0.09000000000000001,29,PQC
0.09000000000000001,29,QKD
0.09000000000000001,29,PQC
0.09000000000000001,29,QKD
0.1,0,HYBRID
0.1,0,PQC
0.1,0,QKD
0.1,0,HYBRID
0.1,1,HYBRID
0.1,1,PQC
0.1,1,PQC
0.1,1,PQC
0.1,2,PQC
0.1,2,QKD
0.1,2,QKD
0.1,2,PQC
0.1,3,PQC
0.1,3,PQC
0.1,3,PQC
0.1,3,PQC
0.1,4,PQC
0.1,4,PQC
0.1,4,PQC
0.1,4,HYBRID
0.1,5,PQC
0.1,5,PQC
0.1,5,HYBRID
0.1,5,PQC
0.1,6,HYBRID
0.1,6,PQC
0.1,6,PQC
0.1,6,PQC
0.1,7,PQC
0.1,7,QKD
0.1,7,QKD
0.1,7,PQC
0.1,8,QKD
0.1,8,PQC
0.1,8,QKD
0.1,8,PQC
0.1,9,PQC
0.1,9,PQC
0.1,9,HYBRID
0.1,9,PQC
0.1,10,PQC
0.1,10,PQC
0.1,10,QKD
0.1,10,PQC
0.1,11,PQC
0.1,11,QKD
0.1,11,PQC
0.1,11,PQC
0.1,12,QKD
0.1,12,PQC
0.1,12,PQC
0.1,12,PQC
0.1,13,PQC
0.1,13,PQC
0.1,13,PQC
0.1,13,PQC
0.1,14,PQC
0.1,14,PQC
0.1,14,QKD
0.1,14,PQC
0.1,15,HYBRID
0.1,15,PQC
0.1,15,PQC
0.1,15,PQC
0.1,16,HYBRID
0.1,16,PQC
0.1,16,PQC
0.1,16,PQC
0.1,17,PQC
0.1,17,PQC
0.1,17,PQC
0.1,17,QKD
0.1,18,QKD
0.1,18,PQC
0.1,18,PQC
0.1,18,QKD
0.1,19,QKD
0.1,19,PQC
0.1,19,PQC
0.1,19,PQC
0.1,20,QKD
0.1,20,QKD
0.1,20,QKD
0.1,20,PQC
0.1,21,PQC
0.1,21,PQC
0.1,21,PQC
0.1,21,PQC
0.1,22,HYBRID
0.1,22,PQC
0.1,22,QKD
0.1,22,PQC
0.1,23,QKD
0.1,23,QKD
0.1,23,HYBRID
0.1,23,QKD
0.1,24,PQC
0.1,24,PQC
0.1,24,PQC
0.1,24,PQC
0.1,25,QKD
0.1,25,PQC
0.1,25,PQC
0.1,25,PQC
0.1,26,QKD
0.1,26,PQC
0.1,26,HYBRID
0.1,26,HYBRID
0.1,27,QKD
0.1,27,QKD
0.1,27,HYBRID
0.1,27,QKD
0.1,28,PQC
0.1,28,PQC
0.1,28,PQC
0.1,28,QKD
0.1,29,PQC
0.1,29,QKD
0.1,29,PQC
0.1,29,QKD
