attack_intensity,seed,availability,security_compliance,mean_key_pool_frac,mean_risk,frac_qkd,frac_pqc,frac_hybrid
0.0,0,1.0,1.0,0.8000000000000002,0.13537771086300907,0.75,0.25,0.0
0.0,1,1.0,1.0,0.8000000000000002,0.1369137073231553,0.5,0.5,0.0
0.0,2,1.0,1.0,0.8000000000000002,0.13801801612763173,0.5,0.5,0.0
0.0,3,1.0,1.0,0.8000000000000002,0.1378266685000919,0.0,1.0,0.0
0.0,4,1.0,1.0,0.8000000000000002,0.13611652854312184,0.5,0.5,0.0
0.0,5,1.0,1.0,0.8000000000000002,0.1390368844740743,0.5,0.5,0.0
0.0,6,1.0,1.0,0.8000000000000002,0.13705375589122448,0.5,0.5,0.0
0.0,7,1.0,1.0,0.8000000000000002,0.13185990892232255,0.75,0.25,0.0
0.0,8,1.0,1.0,0.8000000000000002,0.13742429726987232,0.75,0.25,0.0
0.0,9,1.0,1.0,0.8000000000000002,0.13559734999128378,0.25,0.75,0.0
0.0,10,1.0,1.0,0.8000000000000002,0.13510687110774225,0.5,0.5,0.0
0.0,11,1.0,1.0,0.8000000000000002,0.13464381839323455,0.5,0.5,0.0
0.0,12,1.0,1.0,0.8000000000000002,0.1360067890061763,0.25,0.75,0.0
0.0,13,1.0,1.0,0.8000000000000002,0.13806306427630083,0.0,1.0,0.0
0.0,14,1.0,1.0,0.8000000000000002,0.13649262144086632,0.5,0.5,0.0
0.0,15,1.0,1.0,0.8000000000000002,0.1362262898200301,0.25,0.75,0.0
0.0,16,1.0,1.0,0.8000000000000002,0.1319543070128501,0.5,0.5,0.0
0.0,17,1.0,1.0,0.8000000000000002,0.1338231056482536,1.0,0.0,0.0
0.0,18,1.0,1.0,0.8000000000000002,0.13873326496462418,0.75,0.25,0.0
0.0,19,1.0,1.0,0.8000000000000002,0.13376949389963805,0.5,0.5,0.0
0.0,20,1.0,1.0,0.8000000000000002,0.13722241246970926,0.75,0.25,0.0
0.0,21,1.0,1.0,0.8000000000000002,0.13278615218743214,0.25,0.75,0.0
0.0,22,1.0,1.0,0.8000000000000002,0.13357150454971428,0.5,0.5,0.0
0.0,23,1.0,1.0,0.8000000000000002,0.13093754532897556,1.0,0.0,0.0
0.0,24,1.0,1.0,0.8000000000000002,0.13512231630721044,0.25,0.75,0.0
0.0,25,1.0,1.0,0.8000000000000002,0.1348744686968245,0.5,0.5,0.0
0.0,26,1.0,1.0,0.8000000000000002,0.13842174952206657,0.75,0.25,0.0
0.0,27,1.0,1.0,0.8000000000000002,0.1382132327813013,1.0,0.0,0.0
0.0,28,1.0,1.0,0.8000000000000002,0.13234070975589357,0.25,0.75,0.0
0.0,29,1.0,1.0,0.8000000000000002,0.13519018598865623,0.75,0.25,0.0
0.1,0,1.0,1.0,0.7276431370821661,0.17778863800331807,0.75,0.25,0.0
0.1,1,1.0,1.0,0.7290167069770476,0.17937771149029613,0.25,0.75,0.0
0.1,2,1.0,1.0,0.7288578712486029,0.1807259632479308,0.5,0.5,0.0
0.1,3,1.0,1.0,0.7276699145582595,0.18021942257136267,0.0,1.0,0.0
0.1,4,1.0,1.0,0.7252800582088094,0.17871271042102116,0.25,0.75,0.0
0.1,5,1.0,1.0,0.729893441134599,0.18160517490143682,0.25,0.75,0.0
0.1,6,1.0,1.0,0.7288404664336342,0.17921020497059842,0.25,0.75,0.0
0.1,7,1.0,1.0,0.728076611625549,0.17385148795125108,0.5,0.5,0.0
0.1,8,1.0,1.0,0.7287438354227166,0.17945501586826246,0.5,0.5,0.0
0.1,9,1.0,1.0,0.7291039980593061,0.177613504196464,0.25,0.75,0.0
0.1,10,1.0,1.0,0.72881483393013,0.17726768118706482,0.25,0.75,0.0
0.1,11,1.0,1.0,0.7316524044046362,0.17646520762045406,0.25,0.75,0.0
0.1,12,1.0,1.0,0.7316148827031125,0.17784886548317605,0.25,0.75,0.0
0.1,13,1.0,1.0,0.7245885950369348,0.18127997017119096,0.0,1.0,0.0
0.1,14,1.0,1.0,0.7336277268103446,0.17804242932432052,0.25,0.75,0.0
0.1,15,1.0,1.0,0.7298420910467632,0.17813910687347942,0.25,0.75,0.0
0.1,16,1.0,1.0,0.7337860375966222,0.17335316152918423,0.25,0.75,0.0
0.1,17,1.0,1.0,0.7298199979431192,0.17530153625504089,0.25,0.75,0.0
0.1,18,1.0,1.0,0.7284914145525514,0.18128273688828628,0.5,0.5,0.0
0.1,19,1.0,1.0,0.7301779968935176,0.17564425295032998,0.25,0.75,0.0
0.1,20,1.0,1.0,0.7318250044939514,0.1783532266857682,0.75,0.25,0.0
0.1,21,1.0,1.0,0.7302453490914897,0.17478713989663403,0.0,1.0,0.0
0.1,22,1.0,1.0,0.7274319950522916,0.1763422156400222,0.5,0.5,0.0
0.1,23,1.0,1.0,0.7326998458920893,0.1724092491596692,1.0,0.0,0.0
0.1,24,1.0,1.0,0.7303758424186388,0.17687762903305454,0.0,1.0,0.0
0.1,25,1.0,1.0,0.7272553784921116,0.17683303037920833,0.25,0.75,0.0
0.1,26,1.0,1.0,0.7264734501301385,0.18110542727998644,0.75,0.25,0.0
0.1,27,1.0,1.0,0.7308349574803361,0.18020557984262464,1.0,0.0,0.0
0.1,28,1.0,1.0,0.73173612707205,0.17418930774830435,0.25,0.75,0.0
0.1,29,1.0,1.0,0.7265338247027994,0.1780663379841268,0.5,0.5,0.0
0.2,0,1.0,1.0,0.6552862741643322,0.22019956514362704,0.75,0.25,0.0
0.2,1,1.0,1.0,0.658033413954095,0.22184171565743696,0.25,0.75,0.0
0.2,2,1.0,1.0,0.6577157424972058,0.22343391036822985,0.5,0.5,0.0
0.2,3,1.0,1.0,0.6553398291165188,0.22261217664263339,0.0,1.0,0.0
0.2,4,1.0,1.0,0.6505601164176189,0.2213088922989205,0.25,0.75,0.0
0.2,5,1.0,1.0,0.6597868822691978,0.22417346532879937,0.25,0.75,0.0
0.2,6,1.0,1.0,0.6576809328672686,0.2213666540499724,0.25,0.75,0.0
0.2,7,1.0,1.0,0.656153223251098,0.21584306698017963,0.5,0.5,0.0
0.2,8,1.0,1.0,0.6574876708454329,0.2214857344666526,0.5,0.5,0.0
0.2,9,1.0,1.0,0.6582079961186121,0.21962965840164408,0.25,0.75,0.0
0.2,10,1.0,1.0,0.6576296678602602,0.2194284912663874,0.25,0.75,0.0
0.2,11,1.0,1.0,0.6633048088092722,0.21828659684767357,0.25,0.75,0.0
0.2,12,1.0,1.0,0.6632297654062249,0.21969094196017575,0.25,0.75,0.0
0.2,13,1.0,1.0,0.6491771900738692,0.22449687606608112,0.0,1.0,0.0
0.2,14,1.0,1.0,0.6672554536206889,0.21959223720777482,0.25,0.75,0.0
0.2,15,1.0,1.0,0.6596841820935265,0.22005192392692874,0.25,0.75,0.0
0.2,16,1.0,1.0,0.6675720751932444,0.21475201604551825,0.25,0.75,0.0
0.2,17,1.0,1.0,0.6596399958862386,0.21677996686182816,0.25,0.75,0.0
0.2,18,1.0,1.0,0.6569828291051028,0.22383220881194835,0.5,0.5,0.0
0.2,19,1.0,1.0,0.6603559937870349,0.2175190120010219,0.25,0.75,0.0
0.2,20,1.0,1.0,0.6636500089879026,0.21948404090182713,0.75,0.25,0.0
0.2,21,1.0,1.0,0.6604906981829795,0.21678812760583588,0.0,1.0,0.0
0.2,22,1.0,1.0,0.6548639901045835,0.21911292673033014,0.5,0.5,0.0
0.2,23,1.0,1.0,0.6653996917841785,0.21388095299036286,1.0,0.0,0.0
0.2,24,1.0,1.0,0.660751684837278,0.21863294175889866,0.0,1.0,0.0
0.2,25,1.0,1.0,0.654510756984223,0.21879159206159216,0.25,0.75,0.0
0.2,26,1.0,1.0,0.6529469002602772,0.2237891050379063,0.75,0.25,0.0
0.2,27,1.0,1.0,0.6616699149606721,0.22219792690394802,1.0,0.0,0.0
0.2,28,1.0,1.0,0.6634722541440999,0.2160379057407152,0.25,0.75,0.0
0.2,29,1.0,1.0,0.6530676494055986,0.22094248997959737,0.5,0.5,0.0
0.30000000000000004,0,1.0,1.0,0.5829294112464981,0.262610492283936,0.25,0.25,0.5
0.30000000000000004,1,1.0,1.0,0.5870501209311426,0.2643057198245778,0.25,0.75,0.0
0.30000000000000004,2,1.0,1.0,0.5865736137458085,0.266141857488529,0.5,0.5,0.0
0.30000000000000004,3,1.0,1.0,0.5830097436747781,0.2650049307139042,0.0,1.0,0.0
0.30000000000000004,4,1.0,1.0,0.5758401746264284,0.2639050741768198,0.0,0.75,0.25
0.30000000000000004,5,1.0,1.0,0.5896803234037965,0.2667417557561619,0.25,0.75,0.0
0.30000000000000004,6,1.0,1.0,0.5865213993009029,0.2635231031293463,0.25,0.75,0.0
0.30000000000000004,7,1.0,1.0,0.5842298348766468,0.25783464600910816,0.5,0.5,0.0
0.30000000000000004,8,1.0,1.0,0.5862315062681493,0.26351645306504273,0.25,0.5,0.25
0.30000000000000004,9,1.0,1.0,0.5873119941779181,0.26164581260682424,0.0,0.75,0.25
0.30000000000000004,10,1.0,1.0,0.5864445017903903,0.2615893013457099,0.25,0.75,0.0
0.30000000000000004,11,1.0,1.0,0.5949572132139085,0.260107986074893,0.25,0.75,0.0
0.30000000000000004,12,1.0,1.0,0.5948446481093372,0.26153301843717547,0.0,0.75,0.25
0.30000000000000004,13,1.0,1.0,0.5737657851108038,0.26771378196097134,0.0,1.0,0.0
0.30000000000000004,14,1.0,1.0,0.6008831804310335,0.26114204509122907,0.25,0.75,0.0
0.30000000000000004,15,1.0,1.0,0.5895262731402898,0.2619647409803781,0.25,0.75,0.0
0.30000000000000004,16,1.0,1.0,0.6013581127898666,0.2561508705618524,0.25,0.75,0.0
0.30000000000000004,17,1.0,1.0,0.5894599938293578,0.2582583974686155,0.25,0.75,0.0
0.30000000000000004,18,1.0,1.0,0.585474243657654,0.2663816807356104,0.5,0.5,0.0
0.30000000000000004,19,1.0,1.0,0.5905339906805521,0.2593937710517138,0.25,0.75,0.0
0.30000000000000004,20,1.0,1.0,0.5954750134818538,0.2606148551178862,0.75,0.25,0.0
0.30000000000000004,21,1.0,1.0,0.5907360472744693,0.2587891153150377,0.0,1.0,0.0
0.30000000000000004,22,1.0,1.0,0.5822959851568749,0.26188363782063806,0.0,0.5,0.5
0.30000000000000004,23,1.0,1.0,0.5980995376762676,0.25535265682105657,0.75,0.0,0.25
0.30000000000000004,24,1.0,1.0,0.5911275272559168,0.2603882544847429,0.0,1.0,0.0
0.30000000000000004,25,1.0,1.0,0.5817661354763344,0.260750153743976,0.25,0.75,0.0
0.30000000000000004,26,1.0,1.0,0.5794203503904157,0.2664727827958262,0.25,0.25,0.5
0.30000000000000004,27,1.0,1.0,0.592504872441008,0.26419027396527134,1.0,0.0,0.0
0.30000000000000004,28,1.0,1.0,0.5952083812161499,0.25788650373312594,0.25,0.75,0.0
0.30000000000000004,29,1.0,1.0,0.5796014741083977,0.26381864197506794,0.5,0.5,0.0
0.4,0,1.0,1.0,0.5105725483286643,0.305021419424245,0.25,0.25,0.5
0.4,1,1.0,1.0,0.5160668279081901,0.30676972399171865,0.25,0.75,0.0
0.4,2,1.0,1.0,0.5154314849944113,0.30884980460882794,0.5,0.5,0.0
0.4,3,1.0,1.0,0.5106796582330376,0.3073976847851749,0.0,1.0,0.0
0.4,4,1.0,1.0,0.5011202328352378,0.3065012560547192,0.0,0.75,0.25
0.4,5,1.0,1.0,0.5195737645383953,0.30931004618352437,0.25,0.75,0.0
0.4,6,1.0,1.0,0.5153618657345371,0.30567955220872023,0.25,0.75,0.0
0.4,7,1.0,1.0,0.5123064465021959,0.29982622503803663,0.5,0.5,0.0
0.4,8,1.0,1.0,0.5149753416908658,0.30554717166343287,0.25,0.5,0.25
0.4,9,1.0,1.0,0.5164159922372245,0.30366196681200436,0.0,0.75,0.25
0.4,10,1.0,1.0,0.5152593357205203,0.3037501114250326,0.25,0.75,0.0
0.4,11,1.0,1.0,0.5266096176185445,0.3019293753021125,0.25,0.75,0.0
0.4,12,1.0,1.0,0.5264595308124498,0.30337509491417514,0.0,0.75,0.25
0.4,13,1.0,1.0,0.49835438014773825,0.31093068785586153,0.0,1.0,0.0
0.4,14,1.0,1.0,0.5345109072413781,0.30269185297468326,0.25,0.75,0.0
0.4,15,1.0,1.0,0.5193683641870531,0.30387755803382743,0.25,0.75,0.0
0.4,16,1.0,1.0,0.5351441503864887,0.2975497250781864,0.25,0.75,0.0
0.4,17,1.0,1.0,0.5192799917724771,0.2997368280754028,0.0,0.75,0.25
0.4,18,1.0,1.0,0.5139656582102052,0.3089311526592725,0.5,0.5,0.0
0.4,19,1.0,1.0,0.5207119875740696,0.30126853010240556,0.25,0.75,0.0
0.4,20,1.0,1.0,0.5273000179758052,0.30174566933394514,0.75,0.25,0.0
0.4,21,1.0,1.0,0.520981396365959,0.30079010302423953,0.0,1.0,0.0
0.4,22,1.0,1.0,0.5097279802091667,0.304654348910946,0.0,0.5,0.5
0.4,23,1.0,1.0,0.5307993835683567,0.2968243606517502,0.25,0.0,0.75
0.4,24,1.0,1.0,0.5215033696745557,0.302143567210587,0.0,1.0,0.0
0.4,25,1.0,1.0,0.509021513968446,0.3027087154263598,0.25,0.75,0.0
0.4,26,1.0,1.0,0.5058938005205543,0.3091564605537461,0.25,0.25,0.5
0.4,27,1.0,1.0,0.5233398299213442,0.30618262102659466,0.25,0.0,0.75
0.4,28,1.0,1.0,0.5269445082881999,0.2997351017255367,0.25,0.75,0.0
0.4,29,1.0,1.0,0.5061352988111969,0.30669479397053856,0.25,0.5,0.25
0.5,0,1.0,1.0,0.43821568541083017,0.347432346564554,0.25,0.25,0.5
0.5,1,1.0,1.0,0.4450835348852378,0.34923372815885945,0.25,0.75,0.0
0.5,2,1.0,1.0,0.44428935624301413,0.351557751729127,0.5,0.5,0.0
0.5,3,1.0,1.0,0.4383495727912969,0.3497904388564457,0.0,1.0,0.0
0.5,4,1.0,1.0,0.4264002910440473,0.34909743793261844,0.0,0.75,0.25
0.5,5,1.0,1.0,0.4494672056729943,0.35187833661088685,0.0,0.75,0.25
0.5,6,1.0,1.0,0.4442023321681713,0.34783600128809417,0.25,0.75,0.0
0.5,7,1.0,1.0,0.44038305812774503,0.34181780406696516,0.5,0.5,0.0
0.5,8,1.0,1.0,0.44371917711358233,0.3475778902618229,0.25,0.5,0.25
0.5,9,1.0,1.0,0.44551999029653044,0.34567812101718454,0.0,0.75,0.25
0.5,10,1.0,1.0,0.4440741696506506,0.3459109215043551,0.25,0.75,0.0
0.5,11,1.0,1.0,0.45826202202318067,0.34375076452933195,0.25,0.75,0.0
0.5,12,1.0,1.0,0.4580744135155622,0.34521717139117497,0.0,0.75,0.25
0.5,13,1.0,1.0,0.42294297518467283,0.35414759375075167,0.0,1.0,0.0
0.5,14,1.0,1.0,0.4681386340517225,0.34424166085813745,0.25,0.75,0.0
0.5,15,1.0,1.0,0.4492104552338163,0.3457903750872767,0.25,0.75,0.0
0.5,16,1.0,1.0,0.468930187983111,0.33894857959452046,0.25,0.75,0.0
0.5,17,1.0,1.0,0.44909998971559634,0.3412152586821901,0.0,0.75,0.25
0.5,18,1.0,1.0,0.4424570727627567,0.3514806245829346,0.5,0.5,0.0
0.5,19,1.0,1.0,0.45088998446758694,0.34314328915309744,0.25,0.75,0.0
0.5,20,1.0,1.0,0.4591250224697564,0.34287648355000405,0.75,0.25,0.0
0.5,21,1.0,1.0,0.4512267454574488,0.34279109073344133,0.0,1.0,0.0
0.5,22,1.0,1.0,0.4371599752614583,0.34742506000125395,0.0,0.5,0.5
0.5,23,1.0,1.0,0.46349922946044575,0.3382960644824438,0.25,0.0,0.75
0.5,24,1.0,1.0,0.45187921209319465,0.3438988799364311,0.0,1.0,0.0
0.5,25,1.0,1.0,0.43627689246055745,0.3446672771087436,0.25,0.75,0.0
0.5,26,1.0,1.0,0.4323672506506929,0.35184013831166594,0.25,0.25,0.5
0.5,27,1.0,1.0,0.4541747874016802,0.3481749680879181,0.25,0.0,0.75
0.5,28,1.0,1.0,0.45868063536024994,0.34158369971794755,0.25,0.75,0.0
0.5,29,1.0,1.0,0.4326691235139962,0.34957094596600913,0.25,0.5,0.25
0.6000000000000001,0,1.0,1.0,0.36585882249299617,0.389843273704863,0.25,0.25,0.5
0.6000000000000001,1,1.0,1.0,0.3741002418622852,0.3916977323260003,0.25,0.75,0.0
0.6000000000000001,2,1.0,1.0,0.3731472274916169,0.3942656988494262,0.5,0.5,0.0
0.6000000000000001,3,1.0,1.0,0.36601948734955625,0.3921831929277165,0.0,1.0,0.0
0.6000000000000001,4,1.0,1.0,0.3516803492528566,0.39169361981051776,0.0,0.75,0.25
0.6000000000000001,5,1.0,1.0,0.37936064680759307,0.39444662703824945,0.0,0.75,0.25
0.6000000000000001,6,1.0,1.0,0.37304279860180556,0.38999245036746816,0.25,0.75,0.0
0.6000000000000001,7,1.0,1.0,0.368459669753294,0.38380938309589374,0.5,0.5,0.0
0.6000000000000001,8,1.0,1.0,0.37246301253629877,0.3896086088602131,0.25,0.5,0.25
0.6000000000000001,9,1.0,1.0,0.37462398835583655,0.38769427522236466,0.0,0.75,0.25
0.6000000000000001,10,1.0,1.0,0.37288900358078053,0.38807173158367775,0.25,0.75,0.0
0.6000000000000001,11,1.0,1.0,0.38991442642781676,0.3855721537565514,0.25,0.75,0.0
0.6000000000000001,12,1.0,1.0,0.3896892962186745,0.3870592478681747,0.0,0.75,0.25
0.6000000000000001,13,1.0,1.0,0.34753157022160736,0.39736449964564186,0.0,1.0,0.0
0.6000000000000001,14,1.0,1.0,0.40176636086206685,0.3857914687415918,0.25,0.75,0.0
0.6000000000000001,15,1.0,1.0,0.3790525462805795,0.387703192140726,0.25,0.75,0.0
0.6000000000000001,16,1.0,1.0,0.4027162255797331,0.38034743411085453,0.25,0.75,0.0
0.6000000000000001,17,1.0,1.0,0.37891998765871554,0.38269368928897746,0.0,0.75,0.25
0.6000000000000001,18,1.0,1.0,0.37094848731530794,0.3940300965065967,0.5,0.5,0.0
0.6000000000000001,19,1.0,1.0,0.3810679813611043,0.3850180482037895,0.25,0.75,0.0
0.6000000000000001,20,1.0,1.0,0.39095002696370756,0.3840072977660631,0.75,0.25,0.0
0.6000000000000001,21,1.0,1.0,0.3814720945489384,0.3847920784426431,0.0,1.0,0.0
0.6000000000000001,22,1.0,1.0,0.36459197031375,0.3901957710915619,0.0,0.5,0.5
0.6000000000000001,23,1.0,1.0,0.39619907535253496,0.37976776831313747,0.25,0.0,0.75
0.6000000000000001,24,1.0,1.0,0.38225505451183345,0.3856541926622753,0.0,1.0,0.0
0.6000000000000001,25,1.0,1.0,0.3635322709526689,0.38662583879112755,0.25,0.75,0.0
0.6000000000000001,26,1.0,1.0,0.3588407007808313,0.3945238160695859,0.25,0.25,0.5
0.6000000000000001,27,1.0,1.0,0.3850097448820161,0.39016731514924147,0.25,0.0,0.75
0.6000000000000001,28,1.0,1.0,0.39041676243229995,0.38343229771035836,0.25,0.75,0.0
0.6000000000000001,29,1.0,1.0,0.3592029482167954,0.3924470979614797,0.25,0.5,0.25
0.7000000000000001,0,1.0,1.0,0.2935019595751622,0.43225420084517197,0.25,0.25,0.5
0.7000000000000001,1,1.0,1.0,0.3031169488393328,0.43416173649314116,0.25,0.75,0.0
0.7000000000000001,2,1.0,1.0,0.30200509874021975,0.4369736459697253,0.0,0.5,0.5
0.7000000000000001,3,1.0,1.0,0.2936894019078156,0.4345759469989872,0.0,1.0,0.0
0.7000000000000001,4,1.0,1.0,0.2769604074616661,0.434289801688417,0.0,0.75,0.25
0.7000000000000001,5,1.0,1.0,0.30925408794219195,0.43701491746561194,0.0,0.75,0.25
0.7000000000000001,6,1.0,1.0,0.30188326503543983,0.432148899446842,0.25,0.75,0.0
0.7000000000000001,7,1.0,1.0,0.29653628137884297,0.4258009621248222,0.25,0.5,0.25
0.7000000000000001,8,1.0,1.0,0.3012068479590152,0.4316393274586033,0.25,0.5,0.25
0.7000000000000001,9,1.0,1.0,0.30372798641514265,0.4297104294275448,0.0,0.75,0.25
0.7000000000000001,10,1.0,1.0,0.3017038375109107,0.4302325416630003,0.0,0.75,0.25
0.7000000000000001,11,1.0,1.0,0.3215668308324529,0.4273935429837709,0.0,0.75,0.25
0.7000000000000001,12,1.0,1.0,0.3213041789217869,0.4289013243451743,0.0,0.75,0.25
0.7000000000000001,13,1.0,1.0,0.2721201652585419,0.440581405540532,0.0,1.0,0.0
0.7000000000000001,14,1.0,1.0,0.3353940876724114,0.427341276625046,0.25,0.75,0.0
0.7000000000000001,15,1.0,1.0,0.30889463732734285,0.4296160091941753,0.25,0.75,0.0
0.7000000000000001,16,1.0,1.0,0.3365022631763553,0.42174628862718866,0.25,0.75,0.0
0.7000000000000001,17,1.0,1.0,0.3087399856018348,0.4241721198957647,0.0,0.75,0.25
0.7000000000000001,18,1.0,1.0,0.29943990186785935,0.43657956843025875,0.25,0.5,0.25
0.7000000000000001,19,1.0,1.0,0.3112459782546217,0.42689280725448125,0.25,0.75,0.0
0.7000000000000001,20,1.0,1.0,0.322775031457659,0.425138111982122,0.0,0.25,0.75
0.7000000000000001,21,1.0,1.0,0.31171744364042814,0.42679306615184504,0.0,1.0,0.0
0.7000000000000001,22,1.0,1.0,0.29202396536604164,0.43296648218186995,0.0,0.5,0.5
0.7000000000000001,23,1.0,1.0,0.32889892124462417,0.42123947214383123,0.25,0.0,0.75
0.7000000000000001,24,1.0,1.0,0.3126308969304724,0.42740950538811945,0.0,1.0,0.0
0.7000000000000001,25,1.0,1.0,0.2907876494447804,0.4285844004735114,0.25,0.75,0.0
0.7000000000000001,26,1.0,1.0,0.2853141509109699,0.4372074938275058,0.0,0.25,0.75
0.7000000000000001,27,1.0,1.0,0.3158447023623522,0.43215966221056473,0.25,0.0,0.75
0.7000000000000001,28,1.0,1.0,0.3221528895043499,0.42528089570276906,0.0,0.75,0.25
0.7000000000000001,29,1.0,1.0,0.28573677291959465,0.43532324995695026,0.25,0.5,0.25
0.8,0,1.0,1.0,0.2211450966573283,0.4746651279854809,0.0,0.25,0.75
0.8,1,1.0,1.0,0.2321336558163804,0.47662574066028196,0.25,0.75,0.0
0.8,2,1.0,1.0,0.23086296998882255,0.47968159309002417,0.0,0.5,0.5
0.8,3,1.0,1.0,0.22135931646607498,0.47696870107025796,0.0,1.0,0.0
0.8,4,1.0,1.0,0.20224046567047563,0.47688598356631645,0.0,0.75,0.25
0.8,5,1.0,1.0,0.23914752907679082,0.4795832078929744,0.0,0.75,0.25
0.8,6,1.0,1.0,0.23072373146907407,0.474305348526216,0.25,0.75,0.0
0.8,7,1.0,1.0,0.22461289300439202,0.46779254115375074,0.25,0.5,0.25
0.8,8,1.0,1.0,0.22995068338173166,0.4736700460569934,0.0,0.5,0.5
0.8,9,1.0,1.0,0.2328319844744487,0.47172658363272485,0.0,0.75,0.25
0.8,10,1.0,1.0,0.23051867144104077,0.47239335174232283,0.0,0.75,0.25
0.8,11,1.0,1.0,0.25321923523708906,0.46921493221099037,0.0,0.75,0.25
0.8,12,1.0,1.0,0.2529190616248994,0.4707434008221741,0.25,0.75,0.0
0.8,13,1.0,1.0,0.19670876029547657,0.48379831143542207,0.0,1.0,0.0
0.8,14,1.0,1.0,0.2690218144827558,0.46889108450850026,0.0,0.75,0.25
0.8,15,1.0,1.0,0.23873672837410606,0.4715288262476247,0.25,0.75,0.0
0.8,16,1.0,1.0,0.27028830077297744,0.46314514314352284,0.25,0.75,0.0
0.8,17,1.0,1.0,0.23855998354495417,0.465650550502552,0.0,0.75,0.25
0.8,18,1.0,1.0,0.22793131642041065,0.47912904035392084,0.0,0.5,0.5
0.8,19,1.0,1.0,0.24142397514813915,0.46876756630517313,0.25,0.75,0.0
0.8,20,1.0,1.0,0.2546000359516103,0.4662689261981809,0.0,0.25,0.75
0.8,21,1.0,1.0,0.2419627927319179,0.4687940538610468,0.0,1.0,0.0
0.8,22,1.0,1.0,0.21945596041833335,0.4757371932721778,0.0,0.5,0.5
0.8,23,1.0,1.0,0.2615987671367133,0.4627111759745247,0.25,0.0,0.75
0.8,24,1.0,1.0,0.24300673934911138,0.46916481811396354,0.0,1.0,0.0
0.8,25,1.0,1.0,0.21804302793689181,0.4705429621558951,0.25,0.75,0.0
0.8,26,1.0,1.0,0.2117876010411086,0.4798911715854257,0.0,0.25,0.75
0.8,27,1.0,1.0,0.2466796598426882,0.4741520092718881,0.25,0.0,0.75
0.8,28,1.0,1.0,0.2538890165763999,0.46712949369517975,0.0,0.75,0.25
0.8,29,1.0,1.0,0.21227059762239392,0.47819940195242083,0.0,0.5,0.5
0.9,0,1.0,1.0,0.14878823373949435,0.5170760551257898,0.0,0.25,0.75
0.9,1,1.0,1.0,0.16264310244549668,0.518791196897009,0.25,0.75,0.0
0.9,2,1.0,1.0,0.15972084123742541,0.5223895402103234,0.0,0.5,0.5
0.9,3,1.0,1.0,0.15041300799733656,0.5190846997469281,0.0,1.0,0.0
0.9,4,1.0,1.0,0.1299869950764929,0.5189888712047742,0.0,0.75,0.25
0.9,5,1.0,1.0,0.17140963091022582,0.5216777661805697,0.0,0.75,0.25
0.9,6,1.0,1.0,0.16069562038557864,0.5162355131090159,0.0,0.75,0.25
0.9,7,1.0,1.0,0.15487534999730496,0.5093469511092064,0.25,0.5,0.25
0.9,8,1.0,1.0,0.1611030581161025,0.5152190567930527,0.0,0.5,0.5
0.9,9,1.0,1.0,0.1619359825337548,0.513742737837905,0.0,0.75,0.25
0.9,10,1.0,1.0,0.1610327448499747,0.5142143139258847,0.0,0.75,0.25
0.9,11,1.0,1.0,0.18563538611774524,0.5108835721430058,0.0,0.75,0.25
0.9,12,1.0,1.0,0.18538942871536224,0.5124143804217038,0.25,0.75,0.0
0.9,13,1.0,1.0,0.12256984629187176,0.5267607191384202,0.0,1.0,0.0
0.9,14,1.0,1.0,0.20264954129310028,0.5104408923919544,0.0,0.75,0.25
0.9,15,1.0,1.0,0.17125048774770169,0.5129073096357076,0.25,0.75,0.0
0.9,16,1.0,1.0,0.2040743383695997,0.5045439976598568,0.25,0.75,0.0
0.9,17,1.0,1.0,0.16950344530052622,0.5069042883468489,0.0,0.75,0.25
0.9,18,1.0,1.0,0.15671129404258058,0.5216207996636593,0.0,0.5,0.5
0.9,19,1.0,1.0,0.17303534741442322,0.5103556502813118,0.25,0.75,0.0
0.9,20,1.0,1.0,0.18642504044556155,0.5073997404142401,0.0,0.25,0.75
0.9,21,1.0,1.0,0.17220814182340766,0.5107950415702487,0.0,1.0,0.0
0.9,22,1.0,1.0,0.14951893637996472,0.5179817081806177,0.0,0.5,0.5
0.9,23,1.0,1.0,0.19429861302880252,0.5041828798052184,0.25,0.0,0.75
0.9,24,1.0,1.0,0.17534138723133733,0.5105283697470903,0.0,1.0,0.0
0.9,25,1.0,1.0,0.14664942291617739,0.5122313205408442,0.25,0.75,0.0
0.9,26,1.0,1.0,0.14041359468819348,0.5221443406399564,0.0,0.25,0.75
0.9,27,1.0,1.0,0.1798008650319251,0.5156871067914315,0.25,0.0,0.75
0.9,28,1.0,1.0,0.1856251436484499,0.5089780916875906,0.0,0.75,0.25
0.9,29,1.0,1.0,0.1395559798915314,0.5209252424346237,0.0,0.5,0.5
1.0,0,1.0,1.0,0.09159902512990944,0.5564534514044489,0.0,0.25,0.75
1.0,1,1.0,1.0,0.1147256471191879,0.5566420335248212,0.0,0.75,0.25
1.0,2,1.0,1.0,0.10914982926806878,0.5609832639742143,0.0,0.5,0.5
1.0,3,1.0,1.0,0.0987179135463286,0.5573504556200524,0.0,1.0,0.0
1.0,4,1.0,1.0,0.07942168703182705,0.5567541263333684,0.0,0.75,0.25
1.0,5,1.0,1.0,0.11595873875788835,0.5613149232653194,0.0,0.75,0.25
1.0,6,1.0,1.0,0.1059134897941378,0.5551164815934049,0.0,0.75,0.25
1.0,7,1.0,1.0,0.1061358187126796,0.5467017587201699,0.0,0.5,0.5
1.0,8,1.0,1.0,0.11513981550191443,0.5521911909988237,0.0,0.5,0.5
1.0,9,1.0,1.0,0.1026260851652903,0.5534416711286394,0.0,0.75,0.25
1.0,10,1.0,1.0,0.11241909892990405,0.5518608199752474,0.0,0.75,0.25
1.0,11,1.0,1.0,0.1287111038308697,0.5504202987085277,0.0,0.75,0.25
1.0,12,1.0,1.0,0.13338890296890937,0.5509795385886164,0.0,0.75,0.25
1.0,13,1.0,1.0,0.07618560408297989,0.5641721924824756,0.0,1.0,0.0
1.0,14,1.0,1.0,0.1480099824044269,0.5496441574152123,0.0,0.75,0.25
1.0,15,1.0,1.0,0.11967292166554429,0.551104058114941,0.0,0.75,0.25
1.0,16,1.0,1.0,0.15068942412332684,0.5433770425447698,0.0,0.75,0.25
1.0,17,1.0,1.0,0.11135359691643129,0.545976688219079,0.0,0.75,0.25
1.0,18,1.0,1.0,0.10236497827464328,0.5607378176514192,0.0,0.5,0.5
1.0,19,1.0,1.0,0.12454596986391435,0.5479638842208089,0.25,0.75,0.0
1.0,20,1.0,1.0,0.12147453007725813,0.5478856576027499,0.0,0.25,0.75
1.0,21,1.0,1.0,0.10891551336309016,0.551503624789812,0.0,1.0,0.0
1.0,22,1.0,1.0,0.09526195090703324,0.5570902153759703,0.0,0.5,0.5
1.0,23,1.0,1.0,0.12922812549627297,0.5452086503208358,0.25,0.0,0.75
1.0,24,1.0,1.0,0.12138438231126572,0.5491502519406766,0.0,1.0,0.0
1.0,25,1.0,1.0,0.09927100400991028,0.5491166417029036,0.25,0.75,0.0
1.0,26,1.0,1.0,0.09370610436253547,0.5594642064890356,0.0,0.25,0.75
1.0,27,1.0,1.0,0.121278984628067,0.5555508214295937,0.0,0.0,1.0
1.0,28,1.0,1.0,0.1227151030167835,0.5497559232207447,0.0,0.75,0.25
1.0,29,1.0,1.0,0.08702177138763137,0.5596150010714341,0.0,0.5,0.5
