topology,n_nodes,seed,n_qubits,solver,objective,runtime_s,violations,approximation_ratio
A,5,0,6,Greedy,0.5953353939989281,1.1279989848844707e-05,0,1.0
A,5,0,6,MILP,0.5953353939989281,0.0015391990018542856,0,1.0
A,5,0,6,SimulatedAnnealing,0.5953353939989281,0.012621924994164146,0,1.0
A,5,0,6,Exact,0.5953353939989281,7.757800631225109e-05,0,1.0
A,5,0,6,QAOA(p=2),0.5953353939989281,0.8929237489937805,0,1.0
A,5,1,6,Greedy,0.4009167347152349,1.1066993465647101e-05,0,1.0
A,5,1,6,MILP,0.4009167347152349,0.0009569779940648004,0,1.0
A,5,1,6,SimulatedAnnealing,0.4009167347152349,0.010567821009317413,0,1.0
A,5,1,6,Exact,0.4009167347152349,7.250800263136625e-05,0,1.0
A,5,1,6,QAOA(p=2),0.4009167347152349,0.42181741999229416,0,1.0
A,5,2,6,Greedy,0.8553350424636967,1.3170007150620222e-05,0,1.0
A,5,2,6,MILP,0.8553350424636967,0.0010038859909400344,0,1.0
A,5,2,6,SimulatedAnnealing,0.8553350424636967,0.011243061002460308,0,1.0
A,5,2,6,Exact,0.8553350424636967,0.0001499089994467795,0,1.0
A,5,2,6,QAOA(p=2),0.8553350424636967,0.4283393029909348,0,1.0
A,5,3,6,Greedy,0.6218091837477786,1.080299261957407e-05,0,1.0
A,5,3,6,MILP,0.6218091837477786,0.000931554997805506,0,1.0
A,5,3,6,SimulatedAnnealing,0.6218091837477786,0.01133813100750558,0,1.0
A,5,3,6,Exact,0.6218091837477786,8.00480047473684e-05,0,1.0
A,5,3,6,QAOA(p=2),0.6218091837477786,0.5007360220042756,0,1.0
A,5,4,6,Greedy,0.45236957059906757,1.1523996363393962e-05,0,1.0
A,5,4,6,MILP,0.45236957059906757,0.0009449299977859482,0,1.0
A,5,4,6,SimulatedAnnealing,0.45236957059906757,0.01007795000623446,0,1.0
A,5,4,6,Exact,0.45236957059906757,7.696000102441758e-05,0,1.0
A,5,4,6,QAOA(p=2),0.45236957059906757,0.46040395100135356,0,1.0
A,5,5,6,Greedy,0.5800915602502226,1.0853007552213967e-05,0,1.0
A,5,5,6,MILP,0.5800915602502226,0.0009157789900200441,0,1.0
A,5,5,6,SimulatedAnnealing,0.5800915602502226,0.01061275000392925,0,1.0
A,5,5,6,Exact,0.5800915602502226,7.136599742807448e-05,0,1.0
A,5,5,6,QAOA(p=2),0.5800915602502226,0.4304661330097588,0,1.0
A,5,6,6,Greedy,0.5310269297275578,1.0033996659331024e-05,0,1.0
A,5,6,6,MILP,0.5310269297275578,0.0010332200035918504,0,1.0
A,5,6,6,SimulatedAnnealing,0.5310269297275578,0.009833354997681454,0,1.0
A,5,6,6,Exact,0.5310269297275578,7.136599742807448e-05,0,1.0
A,5,6,6,QAOA(p=2),0.5310269297275578,0.45882887300103903,0,1.0
A,5,7,6,Greedy,0.45512133080839945,1.2948003131896257e-05,0,1.0
A,5,7,6,MILP,0.45512133080839945,0.0010559390066191554,0,1.0
A,5,7,6,SimulatedAnnealing,0.45512133080839945,0.009930430998792872,0,1.0
A,5,7,6,Exact,0.45512133080839945,7.218400423880666e-05,0,1.0
A,5,7,6,QAOA(p=2),0.45512133080839945,0.4361763560009422,0,1.0
A,5,8,6,Greedy,0.6323764777033389,1.1316995369270444e-05,0,1.0
A,5,8,6,MILP,0.6323764777033389,0.0009120820031967014,0,1.0
A,5,8,6,SimulatedAnnealing,0.6323764777033389,0.011932606008485891,0,1.0
A,5,8,6,Exact,0.6323764777033389,9.369599865749478e-05,0,1.0
A,5,8,6,QAOA(p=2),0.6323764777033389,0.44175896600063425,0,1.0
A,5,9,6,Greedy,0.8225411986439823,1.0563991963863373e-05,0,1.0
A,5,9,6,MILP,0.8225411986439823,0.000876367004821077,0,1.0
A,5,9,6,SimulatedAnnealing,0.8225411986439823,0.010954792989650741,0,1.0
A,5,9,6,Exact,0.8225411986439823,7.404599455185235e-05,0,1.0
A,5,9,6,QAOA(p=2),0.8225411986439823,0.4600962419935968,0,1.0
A,5,10,6,Greedy,0.6838218280366277,1.046199759002775e-05,0,1.0
A,5,10,6,MILP,0.6838218280366277,0.0009983560012187809,0,1.0
A,5,10,6,SimulatedAnnealing,0.6838218280366277,0.01033774099778384,0,1.0
A,5,10,6,Exact,0.6838218280366277,7.282799924723804e-05,0,1.0
A,5,10,6,QAOA(p=2),0.6838218280366277,0.44522124400828034,0,1.0
A,5,11,6,Greedy,1.2954117533351237,1.0427000233903527e-05,0,1.0
A,5,11,6,MILP,1.2954117533351237,0.0008650829986436293,0,1.0
A,5,11,6,SimulatedAnnealing,1.2954117533351237,0.010254350010654889,0,1.0
A,5,11,6,Exact,1.2954117533351237,7.33980123186484e-05,0,1.0
A,5,11,6,QAOA(p=2),1.2954117533351237,0.4590974109887611,0,1.0
A,5,12,6,Greedy,0.7145924193891346,1.0934003512375057e-05,0,1.0
A,5,12,6,MILP,0.7145924193891346,0.0009642969962442294,0,1.0
A,5,12,6,SimulatedAnnealing,0.7145924193891346,0.009549424998112954,0,1.0
A,5,12,6,Exact,0.7145924193891346,7.420800102408975e-05,0,1.0
A,5,12,6,QAOA(p=2),0.7145924193891346,0.40342772399890237,0,1.0
A,5,13,6,Greedy,0.3642890709125055,1.1709998943842947e-05,0,1.0
A,5,13,6,MILP,0.3642890709125055,0.0010298540000803769,0,1.0
A,5,13,6,SimulatedAnnealing,0.3642890709125055,0.011416627006838098,0,1.0
A,5,13,6,Exact,0.3642890709125055,8.489600440952927e-05,0,1.0
A,5,13,6,QAOA(p=2),0.3642890709125055,0.461397067992948,0,1.0
A,5,14,6,Greedy,0.6576842699377039,1.039801281876862e-05,0,1.0
A,5,14,6,MILP,0.6576842699377039,0.0009050850057974458,0,1.0
A,5,14,6,SimulatedAnnealing,0.6576842699377039,0.009269499001675285,0,1.0
A,5,14,6,Exact,0.6576842699377039,7.197500963229686e-05,0,1.0
A,5,14,6,QAOA(p=2),0.6576842699377039,0.37586583699157927,0,1.0
A,5,15,6,Greedy,0.6056143736749124,1.0599993402138352e-05,0,1.0
A,5,15,6,MILP,0.6056143736749124,0.0009112429979722947,0,1.0
A,5,15,6,SimulatedAnnealing,0.6056143736749124,0.010910986995440908,0,1.0
A,5,15,6,Exact,0.6056143736749124,7.682100113015622e-05,0,1.0
A,5,15,6,QAOA(p=2),0.6056143736749124,0.5177735170000233,0,1.0
A,5,16,6,Greedy,0.8006547533223944,1.8125007045455277e-05,0,1.0
A,5,16,6,MILP,0.8006547533223944,0.0011826120025943965,0,1.0
A,5,16,6,SimulatedAnnealing,0.8006547533223944,0.012140577004174702,0,1.0
A,5,16,6,Exact,0.8006547533223944,8.669399539940059e-05,0,1.0
A,5,16,6,QAOA(p=2),0.8006547533223944,0.42735741700744256,0,1.0
A,5,17,6,Greedy,0.6320503060778684,1.016999885905534e-05,0,1.0
A,5,17,6,MILP,0.6320503060778684,0.000861107007949613,0,1.0
A,5,17,6,SimulatedAnnealing,0.6320503060778684,0.00950761599233374,0,1.0
A,5,17,6,Exact,0.6320503060778684,7.11879984010011e-05,0,1.0
A,5,17,6,QAOA(p=2),0.6320503060778684,0.39837117500428576,0,1.0
A,5,18,6,Greedy,0.8492713965669125,2.9336995794437826e-05,0,1.0
A,5,18,6,MILP,0.8492713965669125,0.0008713499992154539,0,1.0
A,5,18,6,SimulatedAnnealing,0.8492713965669125,0.009842647996265441,0,1.0
A,5,18,6,Exact,0.8492713965669125,0.00015964200429152697,0,1.0
A,5,18,6,QAOA(p=2),0.8492713965669125,0.4676658749958733,0,1.0
A,5,19,6,Greedy,1.1321934789404757,1.0146002750843763e-05,0,1.0
A,5,19,6,MILP,1.1321934789404757,0.00109326999518089,0,1.0
A,5,19,6,SimulatedAnnealing,1.1321934789404757,0.009394709006301127,0,1.0
A,5,19,6,Exact,1.1321934789404757,7.232899952214211e-05,0,1.0
A,5,19,6,QAOA(p=2),1.1321934789404757,0.4134819540049648,0,1.0
A,5,20,6,Greedy,1.0576353740499442,1.0528005077503622e-05,0,1.0
A,5,20,6,MILP,1.0576353740499442,0.0009144799987552688,0,1.0
A,5,20,6,SimulatedAnnealing,1.0576353740499442,0.010810635998495854,0,1.0
A,5,20,6,Exact,1.0576353740499442,6.958100129850209e-05,0,1.0
A,5,20,6,QAOA(p=2),1.0576353740499442,0.4221307359985076,0,1.0
A,5,21,6,Greedy,0.4887718879461005,1.122899993788451e-05,0,1.0
A,5,21,6,MILP,0.4887718879461005,0.0010514370078453794,0,1.0
A,5,21,6,SimulatedAnnealing,0.4887718879461005,0.01021067400870379,0,1.0
A,5,21,6,Exact,0.4887718879461005,7.389200618490577e-05,0,1.0
A,5,21,6,QAOA(p=2),0.4887718879461005,0.4221095980028622,0,1.0
A,5,22,6,Greedy,0.7606847107549797,1.2311007594689727e-05,0,1.0
A,5,22,6,MILP,0.7606847107549797,0.0010163100087083876,0,1.0
A,5,22,6,SimulatedAnnealing,0.7606847107549797,0.011804775000200607,0,1.0
A,5,22,6,Exact,0.7606847107549797,8.19730048533529e-05,0,1.0
A,5,22,6,QAOA(p=2),0.7606847107549797,0.4267607020010473,0,1.0
A,5,23,6,Greedy,0.8825475461498566,1.1809999705292284e-05,0,1.0
A,5,23,6,MILP,0.8825475461498566,0.001089875993784517,0,1.0
A,5,23,6,SimulatedAnnealing,0.8825475461498566,0.011660745993140154,0,1.0
A,5,23,6,Exact,0.8825475461498566,8.30750068416819e-05,0,1.0
A,5,23,6,QAOA(p=2),0.8825475461498566,0.41610735798894893,0,1.0
A,5,24,6,Greedy,0.5489694885312204,1.1811003787443042e-05,0,1.0
A,5,24,6,MILP,0.5489694885312204,0.0010159100056625903,0,1.0
A,5,24,6,SimulatedAnnealing,0.5489694885312204,0.01193168900499586,0,1.0
A,5,24,6,Exact,0.5489694885312204,8.59769934322685e-05,0,1.0
A,5,24,6,QAOA(p=2),0.5489694885312204,0.4342389550001826,0,1.0
A,5,25,6,Greedy,0.5844777086746884,1.0194009519182146e-05,0,1.0
A,5,25,6,MILP,0.5844777086746884,0.0008632800017949194,0,1.0
A,5,25,6,SimulatedAnnealing,0.5844777086746884,0.009528859998681583,0,1.0
A,5,25,6,Exact,0.5844777086746884,7.035699672996998e-05,0,1.0
A,5,25,6,QAOA(p=2),0.5844777086746884,0.36790127599670086,0,1.0
A,5,26,6,Greedy,0.5109908840774882,1.0393996490165591e-05,0,1.0
A,5,26,6,MILP,0.5109908840774882,0.0008782700024312362,0,1.0
A,5,26,6,SimulatedAnnealing,0.5109908840774882,0.010088622992043383,0,1.0
A,5,26,6,Exact,0.5109908840774882,7.075699977576733e-05,0,1.0
A,5,26,6,QAOA(p=2),0.5109908840774882,0.3884324259997811,0,1.0
A,5,27,6,Greedy,0.8995898657568553,1.078000059351325e-05,0,1.0
A,5,27,6,MILP,0.8995898657568553,0.0008952839998528361,0,1.0
A,5,27,6,SimulatedAnnealing,0.8995898657568553,0.009972084008040838,0,1.0
A,5,27,6,Exact,0.8995898657568553,7.086400000844151e-05,0,1.0
A,5,27,6,QAOA(p=2),0.8995898657568553,0.4172325490071671,0,1.0
A,5,28,6,Greedy,0.4502715556031802,1.2376011000014842e-05,0,1.0
A,5,28,6,MILP,0.4502715556031802,0.001042201998643577,0,1.0
A,5,28,6,SimulatedAnnealing,0.4502715556031802,0.011823933004052378,0,1.0
A,5,28,6,Exact,0.4502715556031802,8.832999446894974e-05,0,1.0
A,5,28,6,QAOA(p=2),0.4502715556031802,0.4210477039887337,0,1.0
A,5,29,6,Greedy,1.0096698512164473,1.0269010090269148e-05,0,1.0
A,5,29,6,MILP,1.0096698512164473,0.0008780049975030124,0,1.0
A,5,29,6,SimulatedAnnealing,1.0096698512164473,0.010438452009111643,0,1.0
A,5,29,6,Exact,1.0096698512164473,7.267600449267775e-05,0,1.0
A,5,29,6,QAOA(p=2),1.0096698512164473,0.3794683619926218,0,1.0
B,6,0,12,Greedy,0.8129824808060491,1.5254001482389867e-05,0,1.0
B,6,0,12,MILP,0.8129824808060491,0.0010878600005526096,0,1.0
B,6,0,12,SimulatedAnnealing,0.8129824808060491,0.014144772998406552,0,1.0
B,6,0,12,Exact,0.8129824808060491,0.0003622880030889064,0,1.0
B,6,0,12,QAOA(p=2),0.8129824808060491,1.1409826470044209,0,1.0
B,6,1,12,Greedy,0.8818359405544243,2.0516003132797778e-05,0,1.0
B,6,1,12,MILP,0.8818359405544243,0.0011289919930277392,0,1.0
B,6,1,12,SimulatedAnnealing,0.8818359405544243,0.013161683004000224,0,1.0
B,6,1,12,Exact,0.8818359405544243,0.00029011600418016315,0,1.0
B,6,1,12,QAOA(p=2),1.525678112411697,1.5871522930101492,0,1.7301155943502131
B,6,2,12,Greedy,0.8034928854126235,1.342299219686538e-05,0,1.0
B,6,2,12,MILP,0.8034928854126235,0.0010781070013763383,0,1.0
B,6,2,12,SimulatedAnnealing,0.8034928854126235,0.014081405999604613,0,1.0
B,6,2,12,Exact,0.8034928854126235,0.0003172779979649931,0,1.0
B,6,2,12,QAOA(p=2),0.8034928854126235,1.0823297610040754,0,1.0
B,6,3,12,Greedy,0.5740832910673817,1.2517004506662488e-05,0,1.0
B,6,3,12,MILP,0.5740832910673817,0.0009580150071997195,0,1.0
B,6,3,12,SimulatedAnnealing,0.5740832910673817,0.012576881010318175,0,1.0
B,6,3,12,Exact,0.5740832910673817,0.0003132119891233742,0,1.0
B,6,3,12,QAOA(p=2),0.5740832910673817,1.0223229129915126,0,1.0
B,6,4,12,Greedy,0.46259186668293495,1.1715004802681506e-05,0,1.0
B,6,4,12,MILP,0.46259186668293495,0.001028232989483513,0,1.0
B,6,4,12,SimulatedAnnealing,0.46259186668293495,0.01294708700152114,0,1.0
B,6,4,12,Exact,0.46259186668293495,0.0002917810052167624,0,1.0
B,6,4,12,QAOA(p=2),0.46259186668293495,1.2483706920029363,0,1.0
B,6,5,12,Greedy,0.49661285149434065,1.2503005564212799e-05,0,1.0
B,6,5,12,MILP,0.49661285149434065,0.001059254995197989,0,1.0
B,6,5,12,SimulatedAnnealing,0.49661285149434065,0.011800841995864175,0,1.0
B,6,5,12,Exact,0.49661285149434065,0.0002992710069520399,0,1.0
B,6,5,12,QAOA(p=2),0.49661285149434065,1.0255271350033581,0,1.0
B,6,6,12,Greedy,0.8671680648357238,1.1505006114020944e-05,0,1.0
B,6,6,12,MILP,0.8671680648357238,0.0008999820129247382,0,1.0
B,6,6,12,SimulatedAnnealing,0.8671680648357238,0.011577579003642313,0,1.0
B,6,6,12,Exact,0.8671680648357238,0.0002835630002664402,0,1.0
B,6,6,12,QAOA(p=2),0.8671680648357238,0.9076516650093254,0,1.0
B,6,7,12,Greedy,0.6404117376393827,1.2194010196253657e-05,0,1.0
B,6,7,12,MILP,0.6404117376393827,0.0010014449944719672,0,1.0
B,6,7,12,SimulatedAnnealing,0.6404117376393827,0.013193470993428491,0,1.0
B,6,7,12,Exact,0.6404117376393827,0.00028900199686177075,0,1.0
B,6,7,12,QAOA(p=2),0.6404117376393827,1.0123505060037132,0,1.0
B,6,8,12,Greedy,0.7106507336711161,1.2090997188352048e-05,0,1.0
B,6,8,12,MILP,0.7106507336711161,0.0009299359953729436,0,1.0
B,6,8,12,SimulatedAnnealing,0.7106507336711161,0.011500565000460483,0,1.0
B,6,8,12,Exact,0.7106507336711161,0.00025887199444696307,0,1.0
B,6,8,12,QAOA(p=2),0.7106507336711161,1.4478033299965318,0,1.0
B,6,9,12,Greedy,0.6940890506931581,1.129199517890811e-05,0,1.0
B,6,9,12,MILP,0.6940890506931581,0.0009374279907206073,0,1.0
B,6,9,12,SimulatedAnnealing,0.6940890506931581,0.010633235011482611,0,1.0
B,6,9,12,Exact,0.6940890506931581,0.0002593179960967973,0,1.0
B,6,9,12,QAOA(p=2),0.6940890506931581,1.0172439029993257,0,1.0
B,6,10,12,Greedy,0.4780942918103861,1.1885000276379287e-05,0,1.0
B,6,10,12,MILP,0.4780942918103861,0.0009235649922629818,0,1.0
B,6,10,12,SimulatedAnnealing,0.4780942918103861,0.011996051005553454,0,1.0
B,6,10,12,Exact,0.4780942918103861,0.0002860329987015575,0,1.0
B,6,10,12,QAOA(p=2),1.2099026325292783,0.8355389619973721,0,2.530677845886372
B,6,11,12,Greedy,0.8574619537467498,1.1885000276379287e-05,0,1.0
B,6,11,12,MILP,0.8574619537467498,0.0008993000083137304,0,1.0
B,6,11,12,SimulatedAnnealing,0.8574619537467498,0.01102534199890215,0,1.0
B,6,11,12,Exact,0.8574619537467498,0.0002868250012397766,0,1.0
B,6,11,12,QAOA(p=2),0.8574619537467498,1.4285945750016253,0,1.0
B,6,12,12,Greedy,0.7553568501587336,1.3958997442387044e-05,0,1.0
B,6,12,12,MILP,0.7553568501587336,0.0010029099939856678,0,1.0
B,6,12,12,SimulatedAnnealing,0.7553568501587336,0.01207224499376025,0,1.0
B,6,12,12,Exact,0.7553568501587336,0.0003461169981164858,0,1.0
B,6,12,12,QAOA(p=2),0.7553568501587336,1.0209896890009986,0,1.0
B,6,13,12,Greedy,0.3617892013873387,1.227400207426399e-05,0,1.0
B,6,13,12,MILP,0.3617892013873387,0.000965334998909384,0,1.0
B,6,13,12,SimulatedAnnealing,0.3617892013873387,0.011016032003681175,0,1.0
B,6,13,12,Exact,0.3617892013873387,0.0002558850101195276,0,1.0
B,6,13,12,QAOA(p=2),1.0390251040741134,1.176942524005426,1,2.871907453538704
B,6,14,12,Greedy,0.5498195347108066,1.1381998774595559e-05,0,1.0
B,6,14,12,MILP,0.5498195347108066,0.0009255149925593287,0,1.0
B,6,14,12,SimulatedAnnealing,0.5498195347108066,0.011118547001387924,0,1.0
B,6,14,12,Exact,0.5498195347108066,0.0002567409974290058,0,1.0
B,6,14,12,QAOA(p=2),0.5498195347108066,1.0412395339953946,0,1.0
B,6,15,12,Greedy,0.6858141303594039,1.0588992154225707e-05,0,1.0
B,6,15,12,MILP,0.6858141303594039,0.0009132319974014536,0,1.0
B,6,15,12,SimulatedAnnealing,0.6858141303594039,0.011320682999212295,0,1.0
B,6,15,12,Exact,0.6858141303594039,0.0002486949961166829,0,1.0
B,6,15,12,QAOA(p=2),1.3396603330955656,1.193466108001303,0,1.95338689273362
B,6,16,12,Greedy,1.0751089107825749,1.4249002560973167e-05,0,1.0
B,6,16,12,MILP,1.0751089107825749,0.0010663149878382683,0,1.0
B,6,16,12,SimulatedAnnealing,1.0751089107825749,0.013496059997123666,0,1.0
B,6,16,12,Exact,1.0751089107825749,0.00029784800426568836,0,1.0
B,6,16,12,QAOA(p=2),1.2169728696800277,1.1957109950017184,0,1.1319531049130545
B,6,17,12,Greedy,0.6329065196171939,1.4168006600812078e-05,0,1.0
B,6,17,12,MILP,0.6329065196171939,0.0011826060072053224,0,1.0
B,6,17,12,SimulatedAnnealing,0.6329065196171939,0.014597973990021273,0,1.0
B,6,17,12,Exact,0.6329065196171939,0.0003208620037185028,0,1.0
B,6,17,12,QAOA(p=2),0.8925907641486077,1.3084115240053507,0,1.4103042652941555
B,6,18,12,Greedy,0.6717968661017224,1.32610002765432e-05,0,1.0
B,6,18,12,MILP,0.6717968661017224,0.0010724879975896329,0,1.0
B,6,18,12,SimulatedAnnealing,0.6717968661017224,0.013951050001196563,0,1.0
B,6,18,12,Exact,0.6717968661017224,0.0003053149994229898,0,1.0
B,6,18,12,QAOA(p=2),0.6717968661017224,1.255085204000352,0,1.0
B,6,19,12,Greedy,0.994387107241792,1.3712007785215974e-05,0,1.0
B,6,19,12,MILP,0.994387107241792,0.0011310049885651097,0,1.0
B,6,19,12,SimulatedAnnealing,0.994387107241792,0.011731727994629182,0,1.0
B,6,19,12,Exact,0.994387107241792,0.0004328130016801879,0,1.0
B,6,19,12,QAOA(p=2),0.994387107241792,1.3452910719934152,0,1.0
B,6,20,12,Greedy,1.226328886087117,1.4114993973635137e-05,0,1.0
B,6,20,12,MILP,1.226328886087117,0.0009467670024605468,0,1.0
B,6,20,12,SimulatedAnnealing,1.226328886087117,0.012402177002513781,0,1.0
B,6,20,12,Exact,1.226328886087117,0.0002547690091887489,0,1.0
B,6,20,12,QAOA(p=2),1.226328886087117,0.9013144089985872,0,1.0
B,6,21,12,Greedy,0.7395466956211081,1.4523000572808087e-05,0,1.0
B,6,21,12,MILP,0.7395466956211081,0.0011004889965988696,0,1.0
B,6,21,12,SimulatedAnnealing,0.7395466956211081,0.013640124001540244,0,1.0
B,6,21,12,Exact,0.7395466956211081,0.0003339300019433722,0,1.0
B,6,21,12,QAOA(p=2),0.7395466956211081,1.216251960999216,0,1.0
B,6,22,12,Greedy,0.5300428029067632,1.251698995474726e-05,0,1.0
B,6,22,12,MILP,0.5300428029067632,0.0010045599919976667,0,1.0
B,6,22,12,SimulatedAnnealing,0.5300428029067632,0.011607349006226286,0,1.0
B,6,22,12,Exact,0.5300428029067632,0.00026678500580601394,0,1.0
B,6,22,12,QAOA(p=2),0.753353485094145,1.3744767290045274,0,1.4213068849586155
B,6,23,12,Greedy,1.145331086578821,1.1579002602957189e-05,0,1.0
B,6,23,12,MILP,1.145331086578821,0.0009489360090810806,0,1.0
B,6,23,12,SimulatedAnnealing,1.145331086578821,0.012186356005258858,0,1.0
B,6,23,12,Exact,1.145331086578821,0.0002570429933257401,0,1.0
B,6,23,12,QAOA(p=2),1.444502737184152,1.2084597850043792,0,1.261209753329036
B,6,24,12,Greedy,0.4257147601863238,1.2857999536208808e-05,0,1.0
B,6,24,12,MILP,0.4257147601863238,0.0010249269980704412,0,1.0
B,6,24,12,SimulatedAnnealing,0.4257147601863238,0.014229745007469319,0,1.0
B,6,24,12,Exact,0.4257147601863238,0.00028930600092280656,0,1.0
B,6,24,12,QAOA(p=2),0.4257147601863238,1.0952967420016648,0,1.0
B,6,25,12,Greedy,0.6884821944863262,1.182999403681606e-05,0,1.0
B,6,25,12,MILP,0.6884821944863262,0.0009917349962051958,0,1.0
B,6,25,12,SimulatedAnnealing,0.6884821944863262,0.011139979993458837,0,1.0
B,6,25,12,Exact,0.6884821944863262,0.0002786129916785285,0,1.0
B,6,25,12,QAOA(p=2),0.6884821944863262,1.2215448130009463,0,1.0
B,6,26,12,Greedy,0.7138375603695977,1.3490993296727538e-05,0,1.0
B,6,26,12,MILP,0.7138375603695977,0.0011185480107087642,0,1.0
B,6,26,12,SimulatedAnnealing,0.7138375603695977,0.014069231998291798,0,1.0
B,6,26,12,Exact,0.7138375603695977,0.00031129100534599274,0,1.0
B,6,26,12,QAOA(p=2),0.9742373293533007,1.4501093800063245,0,1.3647885505616684
B,6,27,12,Greedy,0.9636623870502135,1.1078009265474975e-05,0,1.0
B,6,27,12,MILP,0.9636623870502135,0.0009582850034348667,0,1.0
B,6,27,12,SimulatedAnnealing,0.9636623870502135,0.011605815001530573,0,1.0
B,6,27,12,Exact,0.9636623870502135,0.0002984040038427338,0,1.0
B,6,27,12,QAOA(p=2),1.048154479148998,1.3773151060013333,0,1.0876781051478166
B,6,28,12,Greedy,0.42267405354087373,1.2647011317312717e-05,0,1.0
B,6,28,12,MILP,0.42267405354087373,0.0011397369962651283,0,1.0
B,6,28,12,SimulatedAnnealing,0.42267405354087373,0.013201334993937053,0,1.0
B,6,28,12,Exact,0.42267405354087373,0.00029357300081755966,0,1.0
B,6,28,12,QAOA(p=2),0.42267405354087373,1.1996147570025641,0,1.0
B,6,29,12,Greedy,0.7804679494859457,1.3133001630194485e-05,0,1.0
B,6,29,12,MILP,0.7804679494859457,0.0011205159971723333,0,1.0
B,6,29,12,SimulatedAnnealing,0.7804679494859457,0.01346818900492508,0,1.0
B,6,29,12,Exact,0.7804679494859457,0.00031748900073580444,0,1.0
B,6,29,12,QAOA(p=2),0.7804679494859457,1.4187442769907648,0,1.0
C,10,0,12,Greedy,0.4571941776546673,1.2894000974483788e-05,0,1.0
C,10,0,12,MILP,0.4571941776546673,0.0009640060015954077,0,1.0
C,10,0,12,SimulatedAnnealing,0.4571941776546673,0.012367617004201747,0,1.0
C,10,0,12,Exact,0.4571941776546673,0.00025501199706923217,0,1.0
C,10,0,12,QAOA(p=2),0.4571941776546673,1.2733936320000794,0,1.0
C,10,1,12,Greedy,0.6166961843180161,1.35790032800287e-05,0,1.0
C,10,1,12,MILP,0.6166961843180161,0.0011296699958620593,0,1.0
C,10,1,12,SimulatedAnnealing,0.6166961843180161,0.013934877002611756,0,1.0
C,10,1,12,Exact,0.6166961843180161,0.00030865998996887356,0,1.0
C,10,1,12,QAOA(p=2),0.6166961843180161,1.1141691129887477,0,1.0
C,10,2,12,Greedy,0.7964541597227921,1.1584008461795747e-05,0,1.0
C,10,2,12,MILP,0.7964541597227921,0.0008911780023481697,0,1.0
C,10,2,12,SimulatedAnnealing,0.7964541597227921,0.011633431000518613,0,1.0
C,10,2,12,Exact,0.7964541597227921,0.00025207600265275687,0,1.0
C,10,2,12,QAOA(p=2),0.7964541597227921,0.9281284990138374,0,1.0
C,10,3,12,Greedy,0.5829018320580488,1.1280993930995464e-05,0,1.0
C,10,3,12,MILP,0.5829018320580488,0.000913826996111311,0,1.0
C,10,3,12,SimulatedAnnealing,0.5829018320580488,0.011238279999815859,0,1.0
C,10,3,12,Exact,0.5829018320580488,0.0002817490021698177,0,1.0
C,10,3,12,QAOA(p=2),0.5829018320580488,0.9973742930014851,0,1.0
C,10,4,12,Greedy,0.5679245635130528,1.2168005923740566e-05,0,1.0
C,10,4,12,MILP,0.5679245635130528,0.0009300799865741283,0,1.0
C,10,4,12,SimulatedAnnealing,0.5679245635130528,0.01122308601043187,0,1.0
C,10,4,12,Exact,0.5679245635130528,0.0002929129987023771,0,1.0
C,10,4,12,QAOA(p=2),0.5679245635130528,1.003987425006926,0,1.0
C,10,5,12,Greedy,0.7103434080965698,1.0679999832063913e-05,0,1.0
C,10,5,12,MILP,0.7103434080965698,0.0008931639895308763,0,1.0
C,10,5,12,SimulatedAnnealing,0.7103434080965698,0.010846429999219254,0,1.0
C,10,5,12,Exact,0.7103434080965698,0.00024455299717374146,0,1.0
C,10,5,12,QAOA(p=2),0.7103434080965698,1.0464076490025036,0,1.0
C,10,6,12,Greedy,0.8321394236942083,1.2060991139151156e-05,0,1.0
C,10,6,12,MILP,0.8321394236942083,0.0010249650076730177,0,1.0
C,10,6,12,SimulatedAnnealing,0.8321394236942083,0.013232404991867952,0,1.0
C,10,6,12,Exact,0.8321394236942083,0.00030072699883021414,0,1.0
C,10,6,12,QAOA(p=2),0.8321394236942083,1.544599960994674,0,1.0
C,10,7,12,Greedy,0.9739147145557823,1.0996998753398657e-05,0,1.0
C,10,7,12,MILP,0.9739147145557823,0.0009102170006372035,0,1.0
C,10,7,12,SimulatedAnnealing,0.9739147145557823,0.011784775997512043,0,1.0
C,10,7,12,Exact,0.9739147145557823,0.00024667399702593684,0,1.0
C,10,7,12,QAOA(p=2),0.9739147145557823,0.9795709689933574,0,1.0
C,10,8,12,Greedy,0.8211434875514598,1.3074008165858686e-05,0,1.0
C,10,8,12,MILP,0.8211434875514598,0.0010647070012055337,0,1.0
C,10,8,12,SimulatedAnnealing,0.8211434875514598,0.013843873995938338,0,1.0
C,10,8,12,Exact,0.8211434875514598,0.0003038620052393526,0,1.0
C,10,8,12,QAOA(p=2),0.8211434875514598,1.0293376019981224,0,1.0
C,10,9,12,Greedy,0.6440715327512692,1.1981988791376352e-05,0,1.0
C,10,9,12,MILP,0.6440715327512692,0.0009907179919537157,0,1.0
C,10,9,12,SimulatedAnnealing,0.6440715327512692,0.012502643003244884,0,1.0
C,10,9,12,Exact,0.6440715327512692,0.00027458799013402313,0,1.0
C,10,9,12,QAOA(p=2),0.6440715327512692,1.5302607970079407,0,1.0
C,10,10,12,Greedy,0.6150294267156085,1.2571006664074957e-05,0,1.0
C,10,10,12,MILP,0.6150294267156085,0.001087689000996761,0,1.0
C,10,10,12,SimulatedAnnealing,0.6150294267156085,0.013022764993365854,0,1.0
C,10,10,12,Exact,0.6150294267156085,0.0002819200017256662,0,1.0
C,10,10,12,QAOA(p=2),0.6150294267156085,0.9901190600066911,0,1.0
C,10,11,12,Greedy,0.780337564122604,1.1381998774595559e-05,0,1.0
C,10,11,12,MILP,0.780337564122604,0.0009863860032055527,0,1.0
C,10,11,12,SimulatedAnnealing,0.780337564122604,0.011908686996321194,0,1.0
C,10,11,12,Exact,0.780337564122604,0.00025169299624394625,0,1.0
C,10,11,12,QAOA(p=2),0.780337564122604,0.8848091890104115,0,1.0
C,10,12,12,Greedy,0.7776051427867401,1.1775991879403591e-05,0,1.0
C,10,12,12,MILP,0.7776051427867401,0.0009212479926645756,0,1.0
C,10,12,12,SimulatedAnnealing,0.7776051427867401,0.011491900993860327,0,1.0
C,10,12,12,Exact,0.7776051427867401,0.0002605699992273003,0,1.0
C,10,12,12,QAOA(p=2),0.7776051427867401,0.9321200090053026,0,1.0
C,10,13,12,Greedy,0.3125079380306133,1.1280993930995464e-05,0,1.0
C,10,13,12,MILP,0.3125079380306133,0.0009469780052313581,0,1.0
C,10,13,12,SimulatedAnnealing,0.3125079380306133,0.012337526000919752,0,1.0
C,10,13,12,Exact,0.3125079380306133,0.000250646990025416,0,1.0
C,10,13,12,QAOA(p=2),0.3125079380306133,1.0773864190123277,0,1.0
C,10,14,12,Greedy,0.31806506174961413,1.2888005585409701e-05,0,1.0
C,10,14,12,MILP,0.31806506174961413,0.0011017049982910976,0,1.0
C,10,14,12,SimulatedAnnealing,0.31806506174961413,0.012600602000020444,0,1.0
C,10,14,12,Exact,0.31806506174961413,0.00028187000134494156,0,1.0
C,10,14,12,QAOA(p=2),0.31806506174961413,1.0913498169975355,0,1.0
C,10,15,12,Greedy,0.6290099428728979,1.178499951492995e-05,0,1.0
C,10,15,12,MILP,0.6290099428728979,0.0010495300084585324,0,1.0
C,10,15,12,SimulatedAnnealing,0.6290099428728979,0.011531080002896488,0,1.0
C,10,15,12,Exact,0.6290099428728979,0.00026101300318259746,0,1.0
C,10,15,12,QAOA(p=2),0.6290099428728979,1.2307350000046426,0,1.0
C,10,16,12,Greedy,1.048906799600097,1.1110998457297683e-05,0,1.0
C,10,16,12,MILP,1.048906799600097,0.0009855780081124976,0,1.0
C,10,16,12,SimulatedAnnealing,1.048906799600097,0.01201818700064905,0,1.0
C,10,16,12,Exact,1.048906799600097,0.00025297900720033795,0,1.0
C,10,16,12,QAOA(p=2),1.048906799600097,1.231050761998631,0,1.0
C,10,17,12,Greedy,0.8101640963343542,1.2805990991182625e-05,0,1.0
C,10,17,12,MILP,0.8101640963343542,0.0011234400008106604,0,1.0
C,10,17,12,SimulatedAnnealing,0.8101640963343542,0.013328842003829777,0,1.0
C,10,17,12,Exact,0.8101640963343542,0.0002967909967992455,0,1.0
C,10,17,12,QAOA(p=2),0.8101640963343542,1.350134477004758,0,1.0
C,10,18,12,Greedy,0.895738652828328,1.4345001545734704e-05,0,1.0
C,10,18,12,MILP,0.895738652828328,0.0012092849938198924,0,1.0
C,10,18,12,SimulatedAnnealing,0.895738652828328,0.01814629801083356,0,1.0
C,10,18,12,Exact,0.895738652828328,0.00031631000456400216,0,1.0
C,10,18,12,QAOA(p=2),0.895738652828328,1.379382209997857,0,1.0
C,10,19,12,Greedy,1.154364081820276,1.3116994523443282e-05,0,1.0
C,10,19,12,MILP,1.154364081820276,0.0011264640052104369,0,1.0
C,10,19,12,SimulatedAnnealing,1.154364081820276,0.014469369009020738,0,1.0
C,10,19,12,Exact,1.154364081820276,0.0003095660067629069,0,1.0
C,10,19,12,QAOA(p=2),1.154364081820276,1.2669472200068412,0,1.0
C,10,20,12,Greedy,1.110941062213989,1.1473995982669294e-05,0,1.0
C,10,20,12,MILP,1.110941062213989,0.0010756330011645332,0,1.0
C,10,20,12,SimulatedAnnealing,1.110941062213989,0.012626888012164272,0,1.0
C,10,20,12,Exact,1.110941062213989,0.00027738799690268934,0,1.0
C,10,20,12,QAOA(p=2),1.2445602449273068,1.4624269649939379,0,1.1202756719128095
C,10,21,12,Greedy,0.6491628435401537,1.2226999388076365e-05,0,1.0
C,10,21,12,MILP,0.6491628435401537,0.0010559540096437559,0,1.0
C,10,21,12,SimulatedAnnealing,0.6491628435401537,0.013169750003726222,0,1.0
C,10,21,12,Exact,0.6491628435401537,0.0002986659965245053,0,1.0
C,10,21,12,QAOA(p=2),0.6491628435401537,1.5716891810006928,0,1.0
C,10,22,12,Greedy,0.5079796096595288,1.1406009434722364e-05,0,1.0
C,10,22,12,MILP,0.5079796096595288,0.0009379069961141795,0,1.0
C,10,22,12,SimulatedAnnealing,0.5079796096595288,0.011529430004884489,0,1.0
C,10,22,12,Exact,0.5079796096595288,0.00026174099184572697,0,1.0
C,10,22,12,QAOA(p=2),0.5079796096595288,1.2942665250011487,0,1.0
C,10,23,12,Greedy,0.9107957492026344,1.3369994121603668e-05,0,1.0
C,10,23,12,MILP,0.9107957492026344,0.001116397004807368,0,1.0
C,10,23,12,SimulatedAnnealing,0.9107957492026344,0.015276749996701255,0,1.0
C,10,23,12,Exact,0.9107957492026344,0.00031329700141213834,0,1.0
C,10,23,12,QAOA(p=2),0.9563441906792036,0.9713636280066567,0,1.0500095015995026
C,10,24,12,Greedy,0.4478971008725239,1.1958996765315533e-05,0,1.0
C,10,24,12,MILP,0.4478971008725239,0.0009065339982043952,0,1.0
C,10,24,12,SimulatedAnnealing,0.4478971008725239,0.011935927002923563,0,1.0
C,10,24,12,Exact,0.4478971008725239,0.00027207999664824456,0,1.0
C,10,24,12,QAOA(p=2),0.4478971008725239,1.4426939629920525,0,1.0
C,10,25,12,Greedy,0.7955902286833805,1.2346004950813949e-05,0,1.0
C,10,25,12,MILP,0.7955902286833805,0.001013657994917594,0,1.0
C,10,25,12,SimulatedAnnealing,0.7955902286833805,0.012380341999232769,0,1.0
C,10,25,12,Exact,0.7955902286833805,0.0002623510081321001,0,1.0
C,10,25,12,QAOA(p=2),0.7955902286833805,1.1904047599964542,0,1.0
C,10,26,12,Greedy,0.48220269060105636,1.4025994460098445e-05,0,1.0
C,10,26,12,MILP,0.48220269060105636,0.001054752996424213,0,1.0
C,10,26,12,SimulatedAnnealing,0.48220269060105636,0.013170831007300876,0,1.0
C,10,26,12,Exact,0.48220269060105636,0.00033881800482049584,0,1.0
C,10,26,12,QAOA(p=2),0.48220269060105636,1.4371992249944014,0,1.0
C,10,27,12,Greedy,1.05892991522677,1.2998003512620926e-05,0,1.0
C,10,27,12,MILP,1.05892991522677,0.0011188749922439456,0,1.0
C,10,27,12,SimulatedAnnealing,1.05892991522677,0.012931663004565053,0,1.0
C,10,27,12,Exact,1.05892991522677,0.00029549599275924265,0,1.0
C,10,27,12,QAOA(p=2),1.05892991522677,1.1749541379977018,0,1.0
C,10,28,12,Greedy,0.30730411053882634,1.2098011211492121e-05,0,1.0
C,10,28,12,MILP,0.30730411053882634,0.001016374008031562,0,1.0
C,10,28,12,SimulatedAnnealing,0.30730411053882634,0.01255269700777717,0,1.0
C,10,28,12,Exact,0.30730411053882634,0.0002843149995896965,0,1.0
C,10,28,12,QAOA(p=2),0.4835726223588175,1.223459962013294,1,1.5735963359257459
C,10,29,12,Greedy,0.9314520573553651,1.2488002539612353e-05,0,1.0
C,10,29,12,MILP,0.9314520573553651,0.0011162580049131066,0,1.0
C,10,29,12,SimulatedAnnealing,0.9314520573553651,0.013134020002325997,0,1.0
C,10,29,12,Exact,0.9314520573553651,0.00029655799153260887,0,1.0
C,10,29,12,QAOA(p=2),0.9314520573553651,1.281914405990392,0,1.0
D,15,0,12,Greedy,0.8962982124605432,1.1785014066845179e-05,0,1.0
D,15,0,12,MILP,0.8962982124605432,0.0009515150013612583,0,1.0
D,15,0,12,SimulatedAnnealing,0.8962982124605432,0.011297663004370406,0,1.0
D,15,0,12,Exact,0.8962982124605432,0.0003678110078908503,0,1.0
D,15,0,12,QAOA(p=2),1.0036673622992112,1.2340323759999592,0,1.1197917705803686
D,15,1,12,Greedy,1.1479756373524381,1.178099773824215e-05,0,1.0
D,15,1,12,MILP,1.1479756373524381,0.000892975993338041,0,1.0
D,15,1,12,SimulatedAnnealing,1.1479756373524381,0.011304366998956539,0,1.0
D,15,1,12,Exact,1.1479756373524381,0.0002728429972194135,0,1.0
D,15,1,12,QAOA(p=2),1.1479756373524381,1.131708022003295,0,1.0
D,15,2,12,Greedy,0.7172274838630486,1.276700641028583e-05,0,1.0
D,15,2,12,MILP,0.7172274838630486,0.001085598996724002,0,1.0
D,15,2,12,SimulatedAnnealing,0.7172274838630486,0.013301831000717357,0,1.0
D,15,2,12,Exact,0.7172274838630486,0.00029067399736959487,0,1.0
D,15,2,12,QAOA(p=2),0.7172274838630486,1.1584457559947623,0,1.0
D,15,3,12,Greedy,0.9778213984249646,1.327400968875736e-05,0,1.0
D,15,3,12,MILP,0.9778213984249646,0.0009873189992504194,0,1.0
D,15,3,12,SimulatedAnnealing,0.9778213984249646,0.011989290011115372,0,1.0
D,15,3,12,Exact,0.9778213984249646,0.0003833579976344481,0,1.0
D,15,3,12,QAOA(p=2),0.9778213984249646,1.2033807679981692,0,1.0
D,15,4,12,Greedy,0.9799330923588769,1.2083008186891675e-05,0,1.0
D,15,4,12,MILP,0.9799330923588769,0.001004323989036493,0,1.0
D,15,4,12,SimulatedAnnealing,0.9799330923588769,0.012129038004786707,0,1.0
D,15,4,12,Exact,0.9799330923588769,0.00027106200286652893,0,1.0
D,15,4,12,QAOA(p=2),0.9875916477440825,1.0582919559965376,0,1.0078153860145391
D,15,5,12,Greedy,1.3486026289887576,1.1387004633434117e-05,0,1.0
D,15,5,12,MILP,1.3486026289887576,0.0010847209923667833,0,1.0
D,15,5,12,SimulatedAnnealing,1.3486026289887576,0.011562198007595725,0,1.0
D,15,5,12,Exact,1.3486026289887576,0.0002494220098014921,0,1.0
D,15,5,12,QAOA(p=2),1.3655883198330372,1.0588532099936856,0,1.012595030203238
D,15,6,12,Greedy,0.9249231813710281,1.3860000763088465e-05,0,1.0
D,15,6,12,MILP,0.9249231813710281,0.0011701629991875961,0,1.0
D,15,6,12,SimulatedAnnealing,0.9249231813710281,0.013317028002347797,0,1.0
D,15,6,12,Exact,0.9249231813710281,0.0003538210003171116,0,1.0
D,15,6,12,QAOA(p=2),0.9249231813710281,0.972937844999251,0,1.0
D,15,7,12,Greedy,1.1390190107831586,1.2075994163751602e-05,0,1.0
D,15,7,12,MILP,1.1390190107831586,0.0009715199994388968,0,1.0
D,15,7,12,SimulatedAnnealing,1.1390190107831586,0.01300213900685776,0,1.0
D,15,7,12,Exact,1.1390190107831586,0.0002644829946802929,0,1.0
D,15,7,12,QAOA(p=2),1.1390190107831586,1.3624891139916144,0,1.0
D,15,8,12,Greedy,1.3307298292762582,1.2072996469214559e-05,0,1.0
D,15,8,12,MILP,1.3307298292762582,0.0010023470094893128,0,1.0
D,15,8,12,SimulatedAnnealing,1.3307298292762582,0.011812037002528086,0,1.0
D,15,8,12,Exact,1.3307298292762582,0.00027500500436872244,0,1.0
D,15,8,12,QAOA(p=2),1.4428964904428057,1.1754391389986267,0,1.0842895820765899
D,15,9,12,Greedy,0.5745175365301805,1.2367992894724011e-05,0,1.0
D,15,9,12,MILP,0.5745175365301805,0.0010344000038458034,0,1.0
D,15,9,12,SimulatedAnnealing,0.5745175365301805,0.01272093498846516,0,1.0
D,15,9,12,Exact,0.5745175365301805,0.00027715299802366644,0,1.0
D,15,9,12,QAOA(p=2),0.5745175365301805,1.0895734410005389,0,1.0
D,15,10,12,Greedy,1.2979185525828854,1.291598891839385e-05,0,1.0
D,15,10,12,MILP,1.2979185525828854,0.0010799390001920983,0,1.0
D,15,10,12,SimulatedAnnealing,1.2979185525828854,0.012732028990285471,0,1.0
D,15,10,12,Exact,1.2979185525828854,0.00029023000388406217,0,1.0
D,15,10,12,QAOA(p=2),1.3893216237601678,1.0603656909952406,0,1.070422809655805
D,15,11,12,Greedy,1.4645862329309267,1.5981000615283847e-05,0,1.0
D,15,11,12,MILP,1.4645862329309267,0.001232816997799091,0,1.0
D,15,11,12,SimulatedAnnealing,1.4645862329309267,0.019042865998926573,0,1.0
D,15,11,12,Exact,1.4645862329309267,0.00032864700187928975,0,1.0
D,15,11,12,QAOA(p=2),1.4906427509879308,1.273834909996367,0,1.0177910439625393
D,15,12,12,Greedy,0.9639566768126642,1.3149008736945689e-05,0,1.0
D,15,12,12,MILP,0.9639566768126642,0.0011423870018916205,0,1.0
D,15,12,12,SimulatedAnnealing,0.9639566768126642,0.013750047000939958,0,1.0
D,15,12,12,Exact,0.9639566768126642,0.00029502199322450906,0,1.0
D,15,12,12,QAOA(p=2),0.9639566768126642,1.063448899993091,0,1.0
D,15,13,12,Greedy,0.8255479527924763,1.3604993000626564e-05,0,1.0
D,15,13,12,MILP,0.8255479527924763,0.0011569579946808517,0,1.0
D,15,13,12,SimulatedAnnealing,0.8255479527924763,0.012954345991602167,0,1.0
D,15,13,12,Exact,0.8255479527924763,0.00032059301156550646,0,1.0
D,15,13,12,QAOA(p=2),0.8255479527924763,0.9683120919944486,0,1.0
D,15,14,12,Greedy,0.49953899335554297,1.1822994565591216e-05,0,1.0
D,15,14,12,MILP,0.49953899335554297,0.0009950480016414076,0,1.0
D,15,14,12,SimulatedAnnealing,0.49953899335554297,0.012191707995953038,0,1.0
D,15,14,12,Exact,0.49953899335554297,0.00026784700457938015,0,1.0
D,15,14,12,QAOA(p=2),0.49953899335554297,1.21896016599203,0,1.0
D,15,15,12,Greedy,0.5866372626608047,1.3409997336566448e-05,0,1.0
D,15,15,12,MILP,0.5866372626608047,0.0011667879880405962,0,1.0
D,15,15,12,SimulatedAnnealing,0.5866372626608047,0.01369373699708376,0,1.0
D,15,15,12,Exact,0.5866372626608047,0.0003170689888065681,0,1.0
D,15,15,12,QAOA(p=2),0.5866372626608047,1.1151176300045336,0,1.0
D,15,16,12,Greedy,1.5023355896647388,1.1502997949719429e-05,0,1.0
D,15,16,12,MILP,1.5023355896647388,0.0009559210011502728,0,1.0
D,15,16,12,SimulatedAnnealing,1.5023355896647388,0.012162618004367687,0,1.0
D,15,16,12,Exact,1.5023355896647388,0.0002744470111792907,0,1.0
D,15,16,12,QAOA(p=2),1.5023355896647388,1.3903533099946799,0,1.0
D,15,17,12,Greedy,0.8025899424665255,1.2079995940439403e-05,0,1.0
D,15,17,12,MILP,0.8025899424665255,0.0010302330047124997,0,1.0
D,15,17,12,SimulatedAnnealing,0.8025899424665255,0.01161623900406994,0,1.0
D,15,17,12,Exact,0.8025899424665255,0.0003043189935851842,0,1.0
D,15,17,12,QAOA(p=2),0.8025899424665255,1.3483680170029402,0,1.0
D,15,18,12,Greedy,1.3151916408805207,2.8072012355551124e-05,0,1.0
D,15,18,12,MILP,1.3151916408805207,0.0009186430106637999,0,1.0
D,15,18,12,SimulatedAnnealing,1.3151916408805207,0.012776085000950843,0,1.0
D,15,18,12,Exact,1.3151916408805207,0.0002472299966029823,0,1.0
D,15,18,12,QAOA(p=2),1.3151916408805207,0.9592324599943822,0,1.0
D,15,19,12,Greedy,1.3799720817434888,3.1126997782848775e-05,0,1.0
D,15,19,12,MILP,1.3799720817434888,0.001050418009981513,0,1.0
D,15,19,12,SimulatedAnnealing,1.3799720817434888,0.011495147991809063,0,1.0
D,15,19,12,Exact,1.3799720817434888,0.0005511819908861071,0,1.0
D,15,19,12,QAOA(p=2),1.3799720817434888,1.3896178459981456,0,1.0
D,15,20,12,Greedy,1.012149608037575,1.299199357163161e-05,0,1.0
D,15,20,12,MILP,1.012149608037575,0.0010452749993419275,0,1.0
D,15,20,12,SimulatedAnnealing,1.012149608037575,0.013595178999821655,0,1.0
D,15,20,12,Exact,1.012149608037575,0.0002924250002251938,0,1.0
D,15,20,12,QAOA(p=2),1.012149608037575,1.044934467994608,0,1.0
D,15,21,12,Greedy,0.8793089497810129,1.2775009963661432e-05,0,1.0
D,15,21,12,MILP,0.8793089497810129,0.0011121000134153292,0,1.0
D,15,21,12,SimulatedAnnealing,0.8793089497810129,0.013674179004738107,0,1.0
D,15,21,12,Exact,0.8793089497810129,0.00028885398933198303,0,1.0
D,15,21,12,QAOA(p=2),0.8793089497810129,1.188081649990636,0,1.0
D,15,22,12,Greedy,1.2084727841104552,1.3758006389252841e-05,0,1.0
D,15,22,12,MILP,1.2084727841104552,0.0011079539981437847,0,1.0
D,15,22,12,SimulatedAnnealing,1.2084727841104552,0.013030339003307745,0,1.0
D,15,22,12,Exact,1.2084727841104552,0.0003258150100009516,0,1.0
D,15,22,12,QAOA(p=2),1.263828568375871,1.1841653890005546,0,1.0458063971264049
D,15,23,12,Greedy,0.8933842208211473,1.750899537000805e-05,0,1.0
D,15,23,12,MILP,0.8933842208211473,0.000941624995903112,0,1.0
D,15,23,12,SimulatedAnnealing,0.8933842208211473,0.011701109004206955,0,1.0
D,15,23,12,Exact,0.8933842208211473,0.00025547700352035463,0,1.0
D,15,23,12,QAOA(p=2),0.8933842208211473,1.0665084699867293,0,1.0
D,15,24,12,Greedy,0.838703687791508,1.3520009815692902e-05,0,1.0
D,15,24,12,MILP,0.838703687791508,0.0010141740058315918,0,1.0
D,15,24,12,SimulatedAnnealing,0.838703687791508,0.011899399003596045,0,1.0
D,15,24,12,Exact,0.838703687791508,0.0002780479990178719,0,1.0
D,15,24,12,QAOA(p=2),0.838703687791508,1.3096156980027445,0,1.0
D,15,25,12,Greedy,0.8112548456869391,1.1822005035355687e-05,0,1.0
D,15,25,12,MILP,0.8112548456869391,0.001059993010130711,0,1.0
D,15,25,12,SimulatedAnnealing,0.8112548456869391,0.011815196994575672,0,1.0
D,15,25,12,Exact,0.8112548456869391,0.0003218720084987581,0,1.0
D,15,25,12,QAOA(p=2),0.8112548456869391,1.5315300460060826,0,1.0
D,15,26,12,Greedy,0.5060538717479588,1.1808995623141527e-05,0,1.0
D,15,26,12,MILP,0.5060538717479588,0.0010110060102306306,0,1.0
D,15,26,12,SimulatedAnnealing,0.5060538717479588,0.011694540007738397,0,1.0
D,15,26,12,Exact,0.5060538717479588,0.00025046900555025786,0,1.0
D,15,26,12,QAOA(p=2),0.5060538717479588,1.2458016379969195,0,1.0
D,15,27,12,Greedy,1.3571327066708818,2.777299960143864e-05,0,1.0
D,15,27,12,MILP,1.3571327066708818,0.0009582809871062636,0,1.0
D,15,27,12,SimulatedAnnealing,1.3571327066708818,0.012039962995913811,0,1.0
D,15,27,12,Exact,1.3571327066708818,0.00025948300026357174,0,1.0
D,15,27,12,QAOA(p=2),2.300332666389579,1.1000624080043053,1,1.6949946420732993
D,15,28,12,Greedy,1.3466004065003006,1.26919912872836e-05,0,1.0
D,15,28,12,MILP,1.3466004065003006,0.0011019749945262447,0,1.0
D,15,28,12,SimulatedAnnealing,1.3466004065003006,0.014621740992879495,0,1.0
D,15,28,12,Exact,1.3466004065003006,0.000299241000902839,0,1.0
D,15,28,12,QAOA(p=2),1.3920229694219017,0.9832630439923378,0,1.0337312856154934
D,15,29,12,Greedy,0.9966931637778487,1.2787000741809607e-05,0,1.0
D,15,29,12,MILP,0.9966931637778487,0.00106760099879466,0,1.0
D,15,29,12,SimulatedAnnealing,0.9966931637778487,0.014442992003750987,0,1.0
D,15,29,12,Exact,0.9966931637778487,0.00029993099451530725,0,1.0
D,15,29,12,QAOA(p=2),0.9966931637778487,1.4922299729951192,0,1.0
E,20,0,12,Greedy,0.8792566090399774,1.4464996638707817e-05,0,1.0
E,20,0,12,MILP,0.8792566090399774,0.001124628004617989,0,1.0
E,20,0,12,SimulatedAnnealing,0.8792566090399774,0.013417960988590494,0,1.0
E,20,0,12,Exact,0.8792566090399774,0.00028722498973365873,0,1.0
E,20,0,12,QAOA(p=2),0.8792566090399774,1.1143157259939471,0,1.0
E,20,1,12,Greedy,0.7272527978934278,1.3270007912069559e-05,0,1.0
E,20,1,12,MILP,0.7272527978934278,0.0011319000041112304,0,1.0
E,20,1,12,SimulatedAnnealing,0.7272527978934278,0.014173004004987888,0,1.0
E,20,1,12,Exact,0.7272527978934278,0.0003018400020664558,0,1.0
E,20,1,12,QAOA(p=2),0.7272527978934278,1.0329942219977966,0,1.0
E,20,2,12,Greedy,0.9996316408306853,1.4851000742055476e-05,0,1.0
E,20,2,12,MILP,0.9996316408306853,0.0011778110056184232,0,1.0
E,20,2,12,SimulatedAnnealing,0.9996316408306853,0.014210259992978536,0,1.0
E,20,2,12,Exact,0.9996316408306853,0.00036326400004327297,0,1.0
E,20,2,12,QAOA(p=2),0.9996316408306853,1.3023206270008814,0,1.0
E,20,3,12,Greedy,0.7437522053670733,1.0987991117872298e-05,0,1.0
E,20,3,12,MILP,0.7437522053670733,0.0009608130058040842,0,1.0
E,20,3,12,SimulatedAnnealing,0.7437522053670733,0.011714959997334518,0,1.0
E,20,3,12,Exact,0.7437522053670733,0.0002492609928594902,0,1.0
E,20,3,12,QAOA(p=2),0.7437522053670733,1.2700999799999408,0,1.0
E,20,4,12,Greedy,0.7091348826178745,1.11840054159984e-05,0,1.0
E,20,4,12,MILP,0.7091348826178745,0.0010635009966790676,0,1.0
E,20,4,12,SimulatedAnnealing,0.7091348826178745,0.011701976996846497,0,1.0
E,20,4,12,Exact,0.7091348826178745,0.0002743619988905266,0,1.0
E,20,4,12,QAOA(p=2),0.8342009943829964,1.216438122006366,0,1.1763643487730038
E,20,5,12,Greedy,0.8346087328751821,1.2470001820474863e-05,0,1.0
E,20,5,12,MILP,0.8346087328751821,0.0012063600006513298,0,1.0
E,20,5,12,SimulatedAnnealing,0.8346087328751821,0.014388240000698715,0,1.0
E,20,5,12,Exact,0.8346087328751821,0.0003027280035894364,0,1.0
E,20,5,12,QAOA(p=2),0.8346087328751821,1.0921557160036173,0,1.0
E,20,6,12,Greedy,0.883949102718482,1.1690004612319171e-05,0,1.0
E,20,6,12,MILP,0.883949102718482,0.000979554999503307,0,1.0
E,20,6,12,SimulatedAnnealing,0.883949102718482,0.011683527001878247,0,1.0
E,20,6,12,Exact,0.883949102718482,0.00028827899950556457,0,1.0
E,20,6,12,QAOA(p=2),0.883949102718482,1.1112783029966522,0,1.0
E,20,7,12,Greedy,0.7614113951112174,1.5689001884311438e-05,0,1.0
E,20,7,12,MILP,0.7614113951112174,0.0013028039975324646,0,1.0
E,20,7,12,SimulatedAnnealing,0.7614113951112174,0.011516740996739827,0,1.0
E,20,7,12,Exact,0.7614113951112174,0.00032451399601995945,0,1.0
E,20,7,12,QAOA(p=2),0.7614113951112174,1.1092860470089363,0,1.0
E,20,8,12,Greedy,0.7612923969491376,1.406800583936274e-05,0,1.0
E,20,8,12,MILP,0.7612923969491376,0.0011580249993130565,0,1.0
E,20,8,12,SimulatedAnnealing,0.7612923969491376,0.014115533005679026,0,1.0
E,20,8,12,Exact,0.7612923969491376,0.0003115590079687536,0,1.0
E,20,8,12,QAOA(p=2),1.0082588155588041,1.2742542079940904,0,1.3244041574556358
E,20,9,12,Greedy,0.8394445996367139,1.2574004358612001e-05,0,1.0
E,20,9,12,MILP,0.8394445996367139,0.0010280979913659394,0,1.0
E,20,9,12,SimulatedAnnealing,0.8394445996367139,0.012187416010419838,0,1.0
E,20,9,12,Exact,0.8394445996367139,0.0002756040048552677,0,1.0
E,20,9,12,QAOA(p=2),0.8394445996367139,1.45934309400036,0,1.0
E,20,10,12,Greedy,0.8584348496688108,1.5322002582252026e-05,0,1.0
E,20,10,12,MILP,0.8584348496688108,0.0012794259964721277,0,1.0
E,20,10,12,SimulatedAnnealing,0.8584348496688108,0.014700971994898282,0,1.0
E,20,10,12,Exact,0.8584348496688108,0.00036153499968349934,0,1.0
E,20,10,12,QAOA(p=2),1.048105750544991,1.559198025992373,0,1.2209496748056727
E,20,11,12,Greedy,1.0641918458580761,1.2948003131896257e-05,0,1.0
E,20,11,12,MILP,1.0641918458580761,0.0011155899992445484,0,1.0
E,20,11,12,SimulatedAnnealing,1.0641918458580761,0.013308588007930666,0,1.0
E,20,11,12,Exact,1.0641918458580761,0.0002949819900095463,0,1.0
E,20,11,12,QAOA(p=2),1.0641918458580761,1.1197223299968755,0,1.0
E,20,12,12,Greedy,0.9346371278036472,1.2307995348237455e-05,0,1.0
E,20,12,12,MILP,0.9346371278036472,0.0009945650090230629,0,1.0
E,20,12,12,SimulatedAnnealing,0.9346371278036472,0.012011347993393429,0,1.0
E,20,12,12,Exact,0.9346371278036472,0.0002603940083645284,0,1.0
E,20,12,12,QAOA(p=2),0.9346371278036472,1.0281164839980192,0,1.0
E,20,13,12,Greedy,0.9806516297068484,1.1670999811030924e-05,0,1.0
E,20,13,12,MILP,0.9806516297068484,0.0014448029978666455,0,1.0
E,20,13,12,SimulatedAnnealing,0.9806516297068484,0.01086671301163733,0,1.0
E,20,13,12,Exact,0.9806516297068484,0.0002873499906854704,0,1.0
E,20,13,12,QAOA(p=2),0.9806516297068484,1.2156315640022513,0,1.0
E,20,14,12,Greedy,0.728218961502229,1.2528005754575133e-05,0,1.0
E,20,14,12,MILP,0.728218961502229,0.0010977569909300655,0,1.0
E,20,14,12,SimulatedAnnealing,0.728218961502229,0.013836774000083096,0,1.0
E,20,14,12,Exact,0.728218961502229,0.0002957620017696172,0,1.0
E,20,14,12,QAOA(p=2),0.728218961502229,1.1174103079974884,0,1.0
E,20,15,12,Greedy,1.0878171273997026,1.1308002285659313e-05,0,1.0
E,20,15,12,MILP,1.0878171273997026,0.0010554920008871704,0,1.0
E,20,15,12,SimulatedAnnealing,1.0878171273997026,0.012365511007374153,0,1.0
E,20,15,12,Exact,1.0878171273997026,0.00026377299218438566,0,1.0
E,20,15,12,QAOA(p=2),1.0878171273997026,1.0018886249890784,0,1.0
E,20,16,12,Greedy,0.9302300902711522,1.2191012501716614e-05,0,1.0
E,20,16,12,MILP,0.9302300902711522,0.0011348679981892928,0,1.0
E,20,16,12,SimulatedAnnealing,0.9302300902711522,0.013908705004723743,0,1.0
E,20,16,12,Exact,0.9302300902711522,0.0003030780062545091,0,1.0
E,20,16,12,QAOA(p=2),0.9302300902711522,1.195346647000406,0,1.0
E,20,17,12,Greedy,0.5579166245786027,1.1577998520806432e-05,0,1.0
E,20,17,12,MILP,0.5579166245786027,0.0009217010083375499,0,1.0
E,20,17,12,SimulatedAnnealing,0.5579166245786027,0.011886205000337213,0,1.0
E,20,17,12,Exact,0.5579166245786027,0.0003186779940733686,0,1.0
E,20,17,12,QAOA(p=2),0.5579166245786027,1.1786319100065157,0,1.0
E,20,18,12,Greedy,1.1052307567012107,1.335999695584178e-05,0,1.0
E,20,18,12,MILP,1.1052307567012107,0.0011754500010283664,0,1.0
E,20,18,12,SimulatedAnnealing,1.1052307567012107,0.013417178997769952,0,1.0
E,20,18,12,Exact,1.1052307567012107,0.00029819899646099657,0,1.0
E,20,18,12,QAOA(p=2),1.273124555887584,1.1624413800018374,0,1.1519083667988819
E,20,19,12,Greedy,0.8565524796706399,1.4742006896995008e-05,0,1.0
E,20,19,12,MILP,0.8565524796706399,0.0011192709935130551,0,1.0
E,20,19,12,SimulatedAnnealing,0.8565524796706399,0.013739333997364156,0,1.0
E,20,19,12,Exact,0.8565524796706399,0.0003692390018841252,0,1.0
E,20,19,12,QAOA(p=2),1.0893865459507097,1.5631381290004356,0,1.2718269712669548
E,20,20,12,Greedy,0.9680886399215751,1.411398989148438e-05,0,1.0
E,20,20,12,MILP,0.9680886399215751,0.001173098004073836,0,1.0
E,20,20,12,SimulatedAnnealing,0.9680886399215751,0.01415539400477428,0,1.0
E,20,20,12,Exact,0.9680886399215751,0.00039258999458979815,0,1.0
E,20,20,12,QAOA(p=2),1.1075943612771226,0.9728573549946304,0,1.1441042850857632
E,20,21,12,Greedy,0.6914022509870819,1.2813005014322698e-05,0,1.0
E,20,21,12,MILP,0.6914022509870819,0.001149119998444803,0,1.0
E,20,21,12,SimulatedAnnealing,0.6914022509870819,0.013906939013395458,0,1.0
E,20,21,12,Exact,0.6914022509870819,0.00031248500454239547,0,1.0
E,20,21,12,QAOA(p=2),0.6914022509870819,1.189042490994325,0,1.0
E,20,22,12,Greedy,0.7766912165366477,1.300500298384577e-05,0,1.0
E,20,22,12,MILP,0.7766912165366477,0.0010791959939524531,0,1.0
E,20,22,12,SimulatedAnnealing,0.7766912165366477,0.013158130997908302,0,1.0
E,20,22,12,Exact,0.7766912165366477,0.0002878909872379154,0,1.0
E,20,22,12,QAOA(p=2),0.7766912165366477,1.4378004040045198,0,1.0
E,20,23,12,Greedy,1.0835830297166353,1.2100994354113936e-05,0,1.0
E,20,23,12,MILP,1.0835830297166353,0.0009425410098629072,0,1.0
E,20,23,12,SimulatedAnnealing,1.0835830297166353,0.011282416991889477,0,1.0
E,20,23,12,Exact,1.0835830297166353,0.00044245699245948344,0,1.0
E,20,23,12,QAOA(p=2),1.3338465243148718,0.9224859530077083,0,1.2309592229989816
E,20,24,12,Greedy,0.45885666109763434,1.100900408346206e-05,0,1.0
E,20,24,12,MILP,0.45885666109763434,0.0009896529954858124,0,1.0
E,20,24,12,SimulatedAnnealing,0.45885666109763434,0.012442763007129543,0,1.0
E,20,24,12,Exact,0.45885666109763434,0.0002599599974928424,0,1.0
E,20,24,12,QAOA(p=2),0.5793156370318826,1.3123014330049045,0,1.2625198371232043
E,20,25,12,Greedy,0.9465498937880525,1.3380005839280784e-05,0,1.0
E,20,25,12,MILP,0.9465498937880525,0.0011189080105395988,0,1.0
E,20,25,12,SimulatedAnnealing,0.9465498937880525,0.01385874900734052,0,1.0
E,20,25,12,Exact,0.9465498937880525,0.0002986329927807674,0,1.0
E,20,25,12,QAOA(p=2),0.9465498937880525,1.6629523230076302,0,1.0
E,20,26,12,Greedy,0.9002883301445692,1.3773009413853288e-05,0,1.0
E,20,26,12,MILP,0.9002883301445692,0.0012397929967846721,0,1.0
E,20,26,12,SimulatedAnnealing,0.9002883301445692,0.014013865002198145,0,1.0
E,20,26,12,Exact,0.9002883301445692,0.0003178759943693876,0,1.0
E,20,26,12,QAOA(p=2),0.9002883301445692,1.1021717760013416,0,1.0
E,20,27,12,Greedy,1.1834636812096093,1.2181990314275026e-05,0,1.0
E,20,27,12,MILP,1.1834636812096093,0.0010469780099811032,0,1.0
E,20,27,12,SimulatedAnnealing,1.1834636812096093,0.012848478989326395,0,1.0
E,20,27,12,Exact,1.1834636812096093,0.00027642799250315875,0,1.0
E,20,27,12,QAOA(p=2),1.1834636812096093,0.9230118739942554,0,1.0
E,20,28,12,Greedy,0.6165125422774764,1.1091004125773907e-05,0,1.0
E,20,28,12,MILP,0.6165125422774764,0.0009586489904904738,0,1.0
E,20,28,12,SimulatedAnnealing,0.6165125422774764,0.011488136005937122,0,1.0
E,20,28,12,Exact,0.6165125422774764,0.0002547879994381219,0,1.0
E,20,28,12,QAOA(p=2),0.6165125422774764,1.3624336259963457,0,1.0
E,20,29,12,Greedy,1.034990914027368,1.5543992049060762e-05,0,1.0
E,20,29,12,MILP,1.034990914027368,0.0012937290011905134,0,1.0
E,20,29,12,SimulatedAnnealing,1.034990914027368,0.01487337300204672,0,1.0
E,20,29,12,Exact,1.034990914027368,0.00033632799750193954,0,1.0
E,20,29,12,QAOA(p=2),1.034990914027368,1.5798534140049014,0,1.0
