seed,ablation,full_objective_of_ablated_solution,delta_vs_full
0,Full,1.4785795623560887,0.0
0,NoRisk (w_R=0),1.6502753195844662,0.1716957572283775
0,NoKeyPool (w_K=0),1.6941873812172332,0.21560781886114455
0,NoComputeCost (w_C=0),1.9071701642963035,0.4285906019402148
0,NoDisruption (w_D=0),1.4785795623560887,0.0
0,NoSecurityFloor (penalty=0),23.49500519909496,22.016425636738873
1,Full,1.5153478476418627,0.0
1,NoRisk (w_R=0),1.6968716640873538,0.1815238164454911
1,NoKeyPool (w_K=0),1.5153478476418627,0.0
1,NoComputeCost (w_C=0),1.8570509149502925,0.3417030673084298
1,NoDisruption (w_D=0),1.5345680822229326,0.019220234581069917
1,NoSecurityFloor (penalty=0),12.31789998583696,10.802552138195097
2,Full,1.8081750934874776,0.0
2,NoRisk (w_R=0),1.906003003259599,0.0978279097721213
2,NoKeyPool (w_K=0),1.8081750934874776,0.0
2,NoComputeCost (w_C=0),2.3090239154514904,0.5008488219640128
2,NoDisruption (w_D=0),1.8081750934874776,0.0
2,NoSecurityFloor (penalty=0),12.769053555259035,10.960878461771557
3,Full,0.9934062698966954,0.0
3,NoRisk (w_R=0),1.2050272387095902,0.21162096881289472
3,NoKeyPool (w_K=0),0.9934062698966954,0.0
3,NoComputeCost (w_C=0),0.9934062698966954,0.0
3,NoDisruption (w_D=0),1.0247455611198575,0.031339291223162036
3,NoSecurityFloor (penalty=0),0.9934062698966954,0.0
4,Full,1.350239665710177,0.0
4,NoRisk (w_R=0),1.350239665710177,0.0
4,NoKeyPool (w_K=0),1.350239665710177,0.0
4,NoComputeCost (w_C=0),1.4888552558355173,0.1386155901253403
4,NoDisruption (w_D=0),1.350239665710177,0.0
4,NoSecurityFloor (penalty=0),6.136366950507238,4.786127284797061
5,Full,1.5885678740244202,0.0
5,NoRisk (w_R=0),1.654877969857921,0.06631009583350078
5,NoKeyPool (w_K=0),1.5885678740244202,0.0
5,NoComputeCost (w_C=0),1.732021486581118,0.14345361255669786
5,NoDisruption (w_D=0),1.654877969857921,0.06631009583350078
5,NoSecurityFloor (penalty=0),7.444233085104486,5.8556652110800655
6,Full,1.4200507533009272,0.0
6,NoRisk (w_R=0),1.6334661696072885,0.2134154163063613
6,NoKeyPool (w_K=0),1.4200507533009272,0.0
6,NoComputeCost (w_C=0),1.8010577672124555,0.38100701391152825
6,NoDisruption (w_D=0),1.5116580981853076,0.09160734488438038
6,NoSecurityFloor (penalty=0),6.882040939356045,5.461990186055118
7,Full,1.611021479067631,0.0
7,NoRisk (w_R=0),1.617805337670319,0.006783858602688042
7,NoKeyPool (w_K=0),1.617805337670319,0.006783858602688042
7,NoComputeCost (w_C=0),1.9731175980901696,0.3620961190225387
7,NoDisruption (w_D=0),1.617805337670319,0.006783858602688042
7,NoSecurityFloor (penalty=0),15.96735680995846,14.356335330890829
8,Full,1.512276906897256,0.0
8,NoRisk (w_R=0),1.512276906897256,0.0
8,NoKeyPool (w_K=0),1.512276906897256,0.0
8,NoComputeCost (w_C=0),1.726624100352808,0.2143471934555521
8,NoDisruption (w_D=0),1.512276906897256,0.0
8,NoSecurityFloor (penalty=0),12.008281597948383,10.496004691051127
9,Full,1.1990505616033715,0.0
9,NoRisk (w_R=0),1.1990505616033715,0.0
9,NoKeyPool (w_K=0),1.1990505616033715,0.0
9,NoComputeCost (w_C=0),1.324136649363595,0.12508608776022356
9,NoDisruption (w_D=0),1.1990505616033715,0.0
9,NoSecurityFloor (penalty=0),11.498418895391382,10.29936833378801
10,Full,1.1495530149261128,0.0
10,NoRisk (w_R=0),1.2944697522135584,0.14491673728744559
10,NoKeyPool (w_K=0),1.1495530149261128,0.0
10,NoComputeCost (w_C=0),1.4094224333511534,0.2598694184250405
10,NoDisruption (w_D=0),1.1495530149261128,0.0
10,NoSecurityFloor (penalty=0),6.5063413448264384,5.356788329900326
11,Full,1.3251676100333043,0.0
11,NoRisk (w_R=0),1.5234167488121386,0.19824913877883432
11,NoKeyPool (w_K=0),1.3251676100333043,0.0
11,NoComputeCost (w_C=0),1.4969874923487794,0.17181988231547507
11,NoDisruption (w_D=0),1.3661442668983454,0.04097665686504115
11,NoSecurityFloor (penalty=0),11.112632819735182,9.787465209701878
12,Full,1.2962759363911687,0.0
12,NoRisk (w_R=0),1.4508118715208695,0.15453593512970087
12,NoKeyPool (w_K=0),1.2962759363911687,0.0
12,NoComputeCost (w_C=0),1.6438535665323002,0.3475776301411315
12,NoDisruption (w_D=0),1.2962759363911687,0.0
12,NoSecurityFloor (penalty=0),6.514634197836244,5.218358261445076
13,Full,0.7794306731113068,0.0
13,NoRisk (w_R=0),0.8631807625884562,0.08375008947714946
13,NoKeyPool (w_K=0),0.7794306731113068,0.0
13,NoComputeCost (w_C=0),0.882326698613312,0.10289602550200527
13,NoDisruption (w_D=0),0.7794306731113068,0.0
13,NoSecurityFloor (penalty=0),0.7794306731113068,0.0
14,Full,1.4845920406055768,0.0
14,NoRisk (w_R=0),1.4845920406055768,0.0
14,NoKeyPool (w_K=0),1.4845920406055768,0.0
14,NoComputeCost (w_C=0),1.6562544251839029,0.17166238457832605
14,NoDisruption (w_D=0),1.4845920406055768,0.0
14,NoSecurityFloor (penalty=0),13.327146609293322,11.842554568687746
15,Full,1.1707638352907566,0.0
15,NoRisk (w_R=0),1.2643076378249418,0.09354380253418526
15,NoKeyPool (w_K=0),1.1707638352907566,0.0
15,NoComputeCost (w_C=0),1.5217377594254344,0.3509739241346779
15,NoDisruption (w_D=0),1.1707638352907566,0.0
15,NoSecurityFloor (penalty=0),5.709807008029173,4.539043172738417
16,Full,1.3372691034252,0.0
16,NoRisk (w_R=0),1.5756142835798244,0.23834518015462436
16,NoKeyPool (w_K=0),1.3372691034252,0.0
16,NoComputeCost (w_C=0),1.6151842782702488,0.2779151748450488
16,NoDisruption (w_D=0),1.408367667780027,0.07109856435482698
16,NoSecurityFloor (penalty=0),13.25694408140825,11.91967497798305
17,Full,1.7525262062285378,0.0
17,NoRisk (w_R=0),1.8804202624984327,0.12789405626989492
17,NoKeyPool (w_K=0),1.7525262062285378,0.0
17,NoComputeCost (w_C=0),1.8819410212734624,0.12941481504492458
17,NoDisruption (w_D=0),1.7525262062285378,0.0
17,NoSecurityFloor (penalty=0),14.132380726496933,12.379854520268395
18,Full,1.6733940567490038,0.0
18,NoRisk (w_R=0),1.8033785406451557,0.12998448389615191
18,NoKeyPool (w_K=0),1.6733940567490038,0.0
18,NoComputeCost (w_C=0),2.0344250268455824,0.3610309700965786
18,NoDisruption (w_D=0),1.6733940567490038,0.0
18,NoSecurityFloor (penalty=0),19.194722647809527,17.521328591060524
19,Full,1.4390771900273478,0.0
19,NoRisk (w_R=0),1.607183552670108,0.16810636264276013
19,NoKeyPool (w_K=0),1.4390771900273478,0.0
19,NoComputeCost (w_C=0),1.6851215898437601,0.24604439981641235
19,NoDisruption (w_D=0),1.4390771900273478,0.0
19,NoSecurityFloor (penalty=0),6.833505166405843,5.394427976378495
20,Full,1.7543266419210397,0.0
20,NoRisk (w_R=0),1.7543266419210397,0.0
20,NoKeyPool (w_K=0),1.7900153398420287,0.03568869792098894
20,NoComputeCost (w_C=0),2.3903342675379804,0.6360076256169407
20,NoDisruption (w_D=0),1.7543266419210397,0.0
20,NoSecurityFloor (penalty=0),28.71931036608646,26.96498372416542
21,Full,1.248987646715392,0.0
21,NoRisk (w_R=0),1.7892087464674944,0.5402210997521024
21,NoKeyPool (w_K=0),1.248987646715392,0.0
21,NoComputeCost (w_C=0),1.3567471210959354,0.10775947438054345
21,NoDisruption (w_D=0),1.248987646715392,0.0
21,NoSecurityFloor (penalty=0),1.248987646715392,0.0
22,Full,1.3350246642078787,0.0
22,NoRisk (w_R=0),1.4010546541130395,0.06602998990516085
22,NoKeyPool (w_K=0),1.3964567735178832,0.061432109310004535
22,NoComputeCost (w_C=0),1.363902312739583,0.02887764853170438
22,NoDisruption (w_D=0),1.3350246642078787,0.0
22,NoSecurityFloor (penalty=0),19.64563499764003,18.31061033343215
23,Full,2.4070602112741426,0.0
23,NoRisk (w_R=0),2.4070602112741426,0.0
23,NoKeyPool (w_K=0),2.5353017551844914,0.1282415439103488
23,NoComputeCost (w_C=0),2.828752621478202,0.42169241020405934
23,NoDisruption (w_D=0),2.4070602112741426,0.0
23,NoSecurityFloor (penalty=0),29.72907864239778,27.322018431123638
24,Full,1.1491149069026108,0.0
24,NoRisk (w_R=0),1.3168686956021816,0.1677537886995708
24,NoKeyPool (w_K=0),1.1491149069026108,0.0
24,NoComputeCost (w_C=0),1.1491149069026108,0.0
24,NoDisruption (w_D=0),1.2540630526313805,0.10494814572876976
24,NoSecurityFloor (penalty=0),1.1491149069026108,0.0
25,Full,1.4098506921813794,0.0
25,NoRisk (w_R=0),1.4098506921813794,0.0
25,NoKeyPool (w_K=0),1.5754732706513437,0.1656225784699643
25,NoComputeCost (w_C=0),1.7388717483708547,0.3290210561894753
25,NoDisruption (w_D=0),1.4098506921813794,0.0
25,NoSecurityFloor (penalty=0),6.588289599106503,5.178438906925123
26,Full,1.6667154000123219,0.0
26,NoRisk (w_R=0),1.6667154000123219,0.0
26,NoKeyPool (w_K=0),1.67658058185458,0.009865181842258153
26,NoComputeCost (w_C=0),1.9554719993325875,0.28875659932026565
26,NoDisruption (w_D=0),1.6667154000123219,0.0
26,NoSecurityFloor (penalty=0),21.245421796718432,19.57870639670611
27,Full,1.9837885320984299,0.0
27,NoRisk (w_R=0),2.0829402514032154,0.0991517193047855
27,NoKeyPool (w_K=0),1.9837885320984299,0.0
27,NoComputeCost (w_C=0),2.7974030785444484,0.8136145464460185
27,NoDisruption (w_D=0),1.9837885320984299,0.0
27,NoSecurityFloor (penalty=0),33.08890031521611,31.105111783117678
28,Full,1.1269583297827523,0.0
28,NoRisk (w_R=0),1.1269583297827523,0.0
28,NoKeyPool (w_K=0),1.1269583297827523,0.0
28,NoComputeCost (w_C=0),1.443994788297715,0.31703645851496276
28,NoDisruption (w_D=0),1.1269583297827523,0.0
28,NoSecurityFloor (penalty=0),5.592779528676601,4.465821198893849
29,Full,1.5145212292640622,0.0
29,NoRisk (w_R=0),1.5145212292640622,0.0
29,NoKeyPool (w_K=0),1.5810312705305023,0.06651004126644011
29,NoComputeCost (w_C=0),1.9040203671681013,0.3894991379040391
29,NoDisruption (w_D=0),1.5145212292640622,0.0
29,NoSecurityFloor (penalty=0),11.069412007141636,9.554890777877574
