pool_frac,seed,n_served,n_requests,frac_pqc
0.9,0,3,3,0.3333333333333333
0.9,1,3,3,0.3333333333333333
0.9,2,3,3,0.0
0.9,3,3,3,0.0
0.9,4,3,3,0.3333333333333333
0.9,5,3,3,0.0
0.9,6,3,3,0.3333333333333333
0.9,7,3,3,0.0
0.9,8,3,3,0.0
0.9,9,3,3,0.0
0.9,10,3,3,0.3333333333333333
0.9,11,3,3,0.3333333333333333
0.9,12,3,3,0.0
0.9,13,3,3,1.0
0.9,14,3,3,0.6666666666666666
0.9,15,3,3,0.3333333333333333
0.9,16,3,3,0.3333333333333333
0.9,17,3,3,0.0
0.9,18,3,3,0.3333333333333333
0.9,19,3,3,0.0
0.9,20,3,3,0.0
0.9,21,3,3,0.0
0.9,22,3,3,0.3333333333333333
0.9,23,3,3,0.0
0.9,24,3,3,0.3333333333333333
0.9,25,3,3,0.0
0.9,26,3,3,0.3333333333333333
0.9,27,3,3,0.0
0.9,28,3,3,1.0
0.9,29,3,3,0.3333333333333333
0.8022222222222223,0,3,3,0.3333333333333333
0.8022222222222223,1,3,3,0.3333333333333333
0.8022222222222223,2,3,3,0.3333333333333333
0.8022222222222223,3,3,3,1.0
0.8022222222222223,4,3,3,0.6666666666666666
0.8022222222222223,5,3,3,0.3333333333333333
0.8022222222222223,6,3,3,0.3333333333333333
0.8022222222222223,7,3,3,0.0
0.8022222222222223,8,3,3,0.0
0.8022222222222223,9,3,3,0.6666666666666666
0.8022222222222223,10,3,3,0.3333333333333333
0.8022222222222223,11,3,3,0.3333333333333333
0.8022222222222223,12,3,3,0.6666666666666666
0.8022222222222223,13,3,3,1.0
0.8022222222222223,14,3,3,0.6666666666666666
0.8022222222222223,15,3,3,0.6666666666666666
0.8022222222222223,16,3,3,0.6666666666666666
0.8022222222222223,17,3,3,0.0
0.8022222222222223,18,3,3,0.3333333333333333
0.8022222222222223,19,3,3,0.3333333333333333
0.8022222222222223,20,3,3,0.0
0.8022222222222223,21,3,3,0.6666666666666666
0.8022222222222223,22,3,3,0.3333333333333333
0.8022222222222223,23,3,3,0.0
0.8022222222222223,24,3,3,1.0
0.8022222222222223,25,3,3,0.3333333333333333
0.8022222222222223,26,3,3,0.3333333333333333
0.8022222222222223,27,3,3,0.0
0.8022222222222223,28,3,3,1.0
0.8022222222222223,29,3,3,0.3333333333333333
0.7044444444444444,0,3,3,0.3333333333333333
0.7044444444444444,1,3,3,0.3333333333333333
0.7044444444444444,2,3,3,0.3333333333333333
0.7044444444444444,3,3,3,1.0
0.7044444444444444,4,3,3,0.6666666666666666
0.7044444444444444,5,3,3,0.3333333333333333
0.7044444444444444,6,3,3,0.3333333333333333
0.7044444444444444,7,3,3,0.0
0.7044444444444444,8,3,3,0.0
0.7044444444444444,9,3,3,0.6666666666666666
0.7044444444444444,10,3,3,0.3333333333333333
0.7044444444444444,11,3,3,0.3333333333333333
0.7044444444444444,12,3,3,0.6666666666666666
0.7044444444444444,13,3,3,1.0
0.7044444444444444,14,3,3,0.6666666666666666
0.7044444444444444,15,3,3,0.6666666666666666
0.7044444444444444,16,3,3,0.6666666666666666
0.7044444444444444,17,3,3,0.0
0.7044444444444444,18,3,3,0.3333333333333333
0.7044444444444444,19,3,3,0.3333333333333333
0.7044444444444444,20,3,3,0.0
0.7044444444444444,21,3,3,0.6666666666666666
0.7044444444444444,22,3,3,0.3333333333333333
0.7044444444444444,23,3,3,0.0
0.7044444444444444,24,3,3,1.0
0.7044444444444444,25,3,3,0.3333333333333333
0.7044444444444444,26,3,3,0.3333333333333333
0.7044444444444444,27,3,3,0.0
0.7044444444444444,28,3,3,1.0
0.7044444444444444,29,3,3,0.3333333333333333
0.6066666666666667,0,3,3,0.3333333333333333
0.6066666666666667,1,3,3,0.6666666666666666
0.6066666666666667,2,3,3,0.3333333333333333
0.6066666666666667,3,3,3,1.0
0.6066666666666667,4,3,3,1.0
0.6066666666666667,5,3,3,0.6666666666666666
0.6066666666666667,6,3,3,0.6666666666666666
0.6066666666666667,7,3,3,0.3333333333333333
0.6066666666666667,8,3,3,0.3333333333333333
0.6066666666666667,9,3,3,0.6666666666666666
0.6066666666666667,10,3,3,0.6666666666666666
0.6066666666666667,11,3,3,0.6666666666666666
0.6066666666666667,12,3,3,0.6666666666666666
0.6066666666666667,13,3,3,1.0
0.6066666666666667,14,3,3,0.6666666666666666
0.6066666666666667,15,3,3,0.6666666666666666
0.6066666666666667,16,3,3,0.6666666666666666
0.6066666666666667,17,3,3,1.0
0.6066666666666667,18,3,3,0.6666666666666666
0.6066666666666667,19,3,3,0.6666666666666666
0.6066666666666667,20,3,3,0.0
0.6066666666666667,21,3,3,1.0
0.6066666666666667,22,3,3,0.3333333333333333
0.6066666666666667,23,3,3,0.0
0.6066666666666667,24,3,3,1.0
0.6066666666666667,25,3,3,0.6666666666666666
0.6066666666666667,26,3,3,0.3333333333333333
0.6066666666666667,27,3,3,0.0
0.6066666666666667,28,3,3,1.0
0.6066666666666667,29,3,3,0.6666666666666666
0.508888888888889,0,3,3,0.3333333333333333
0.508888888888889,1,3,3,0.6666666666666666
0.508888888888889,2,3,3,0.3333333333333333
0.508888888888889,3,3,3,1.0
0.508888888888889,4,3,3,1.0
0.508888888888889,5,3,3,0.6666666666666666
0.508888888888889,6,3,3,0.6666666666666666
0.508888888888889,7,3,3,0.3333333333333333
0.508888888888889,8,3,3,0.3333333333333333
0.508888888888889,9,3,3,0.6666666666666666
0.508888888888889,10,3,3,0.6666666666666666
0.508888888888889,11,3,3,0.6666666666666666
0.508888888888889,12,3,3,0.6666666666666666
0.508888888888889,13,3,3,1.0
0.508888888888889,14,3,3,0.6666666666666666
0.508888888888889,15,3,3,0.6666666666666666
0.508888888888889,16,3,3,0.6666666666666666
0.508888888888889,17,3,3,1.0
0.508888888888889,18,3,3,0.6666666666666666
0.508888888888889,19,3,3,0.6666666666666666
0.508888888888889,20,3,3,0.0
0.508888888888889,21,3,3,1.0
0.508888888888889,22,3,3,0.3333333333333333
0.508888888888889,23,3,3,0.0
0.508888888888889,24,3,3,1.0
0.508888888888889,25,3,3,0.6666666666666666
0.508888888888889,26,3,3,0.3333333333333333
0.508888888888889,27,3,3,0.0
0.508888888888889,28,3,3,1.0
0.508888888888889,29,3,3,0.6666666666666666
0.4111111111111111,0,3,3,0.3333333333333333
0.4111111111111111,1,3,3,0.6666666666666666
0.4111111111111111,2,3,3,0.3333333333333333
0.4111111111111111,3,3,3,1.0
0.4111111111111111,4,3,3,1.0
0.4111111111111111,5,3,3,0.6666666666666666
0.4111111111111111,6,3,3,0.6666666666666666
0.4111111111111111,7,3,3,0.3333333333333333
0.4111111111111111,8,3,3,0.3333333333333333
0.4111111111111111,9,3,3,0.6666666666666666
0.4111111111111111,10,3,3,0.6666666666666666
0.4111111111111111,11,3,3,0.6666666666666666
0.4111111111111111,12,3,3,0.6666666666666666
0.4111111111111111,13,3,3,1.0
0.4111111111111111,14,3,3,0.6666666666666666
0.4111111111111111,15,3,3,0.6666666666666666
0.4111111111111111,16,3,3,0.6666666666666666
0.4111111111111111,17,3,3,1.0
0.4111111111111111,18,3,3,0.6666666666666666
0.4111111111111111,19,3,3,0.6666666666666666
0.4111111111111111,20,3,3,0.0
0.4111111111111111,21,3,3,1.0
0.4111111111111111,22,3,3,0.3333333333333333
0.4111111111111111,23,3,3,0.0
0.4111111111111111,24,3,3,1.0
0.4111111111111111,25,3,3,0.6666666666666666
0.4111111111111111,26,3,3,0.3333333333333333
0.4111111111111111,27,3,3,0.0
0.4111111111111111,28,3,3,1.0
0.4111111111111111,29,3,3,0.6666666666666666
0.31333333333333335,0,3,3,0.3333333333333333
0.31333333333333335,1,3,3,0.6666666666666666
0.31333333333333335,2,3,3,0.3333333333333333
0.31333333333333335,3,3,3,1.0
0.31333333333333335,4,3,3,1.0
0.31333333333333335,5,3,3,0.6666666666666666
0.31333333333333335,6,3,3,0.6666666666666666
0.31333333333333335,7,3,3,0.3333333333333333
0.31333333333333335,8,3,3,0.3333333333333333
0.31333333333333335,9,3,3,0.6666666666666666
0.31333333333333335,10,3,3,0.6666666666666666
0.31333333333333335,11,3,3,0.6666666666666666
0.31333333333333335,12,3,3,0.6666666666666666
0.31333333333333335,13,3,3,1.0
0.31333333333333335,14,3,3,0.6666666666666666
0.31333333333333335,15,3,3,0.6666666666666666
0.31333333333333335,16,3,3,0.6666666666666666
0.31333333333333335,17,3,3,1.0
0.31333333333333335,18,3,3,0.6666666666666666
0.31333333333333335,19,3,3,0.6666666666666666
0.31333333333333335,20,3,3,0.0
0.31333333333333335,21,3,3,1.0
0.31333333333333335,22,3,3,0.3333333333333333
0.31333333333333335,23,3,3,0.0
0.31333333333333335,24,3,3,1.0
0.31333333333333335,25,3,3,0.6666666666666666
0.31333333333333335,26,3,3,0.3333333333333333
0.31333333333333335,27,3,3,0.0
0.31333333333333335,28,3,3,1.0
0.31333333333333335,29,3,3,0.6666666666666666
0.2155555555555555,0,3,3,0.3333333333333333
0.2155555555555555,1,3,3,0.6666666666666666
0.2155555555555555,2,3,3,0.3333333333333333
0.2155555555555555,3,3,3,1.0
0.2155555555555555,4,3,3,1.0
0.2155555555555555,5,3,3,0.6666666666666666
0.2155555555555555,6,3,3,0.6666666666666666
0.2155555555555555,7,3,3,0.3333333333333333
0.2155555555555555,8,3,3,0.3333333333333333
0.2155555555555555,9,3,3,0.6666666666666666
0.2155555555555555,10,3,3,0.6666666666666666
0.2155555555555555,11,3,3,0.6666666666666666
0.2155555555555555,12,3,3,0.6666666666666666
0.2155555555555555,13,3,3,1.0
0.2155555555555555,14,3,3,0.6666666666666666
0.2155555555555555,15,3,3,0.6666666666666666
0.2155555555555555,16,3,3,0.6666666666666666
0.2155555555555555,17,3,3,1.0
0.2155555555555555,18,3,3,0.6666666666666666
0.2155555555555555,19,3,3,0.6666666666666666
0.2155555555555555,20,3,3,0.0
0.2155555555555555,21,3,3,1.0
0.2155555555555555,22,3,3,0.3333333333333333
0.2155555555555555,23,3,3,0.0
0.2155555555555555,24,3,3,1.0
0.2155555555555555,25,3,3,0.6666666666666666
0.2155555555555555,26,3,3,0.3333333333333333
0.2155555555555555,27,3,3,0.0
0.2155555555555555,28,3,3,1.0
0.2155555555555555,29,3,3,0.6666666666666666
0.11777777777777776,0,3,3,0.3333333333333333
0.11777777777777776,1,3,3,0.6666666666666666
0.11777777777777776,2,3,3,0.3333333333333333
0.11777777777777776,3,3,3,1.0
0.11777777777777776,4,3,3,1.0
0.11777777777777776,5,3,3,0.6666666666666666
0.11777777777777776,6,3,3,0.6666666666666666
0.11777777777777776,7,3,3,0.3333333333333333
0.11777777777777776,8,3,3,0.3333333333333333
0.11777777777777776,9,3,3,0.6666666666666666
0.11777777777777776,10,3,3,0.6666666666666666
0.11777777777777776,11,3,3,0.6666666666666666
0.11777777777777776,12,3,3,0.6666666666666666
0.11777777777777776,13,3,3,1.0
0.11777777777777776,14,3,3,0.6666666666666666
0.11777777777777776,15,3,3,0.6666666666666666
0.11777777777777776,16,3,3,0.6666666666666666
0.11777777777777776,17,3,3,1.0
0.11777777777777776,18,3,3,0.6666666666666666
0.11777777777777776,19,3,3,0.6666666666666666
0.11777777777777776,20,3,3,0.0
0.11777777777777776,21,3,3,1.0
0.11777777777777776,22,3,3,0.3333333333333333
0.11777777777777776,23,3,3,0.0
0.11777777777777776,24,3,3,1.0
0.11777777777777776,25,3,3,0.6666666666666666
0.11777777777777776,26,3,3,0.3333333333333333
0.11777777777777776,27,3,3,0.0
0.11777777777777776,28,3,3,1.0
0.11777777777777776,29,3,3,0.6666666666666666
0.02,0,3,3,0.3333333333333333
0.02,1,3,3,0.6666666666666666
0.02,2,3,3,0.3333333333333333
0.02,3,3,3,1.0
0.02,4,3,3,1.0
0.02,5,3,3,0.6666666666666666
0.02,6,3,3,0.6666666666666666
0.02,7,3,3,0.3333333333333333
0.02,8,3,3,0.3333333333333333
0.02,9,3,3,0.6666666666666666
0.02,10,3,3,0.6666666666666666
0.02,11,3,3,0.6666666666666666
0.02,12,3,3,0.6666666666666666
0.02,13,3,3,1.0
0.02,14,3,3,0.6666666666666666
0.02,15,3,3,0.6666666666666666
0.02,16,3,3,0.6666666666666666
0.02,17,3,3,1.0
0.02,18,3,3,0.6666666666666666
0.02,19,3,3,0.6666666666666666
0.02,20,3,3,0.0
0.02,21,3,3,1.0
0.02,22,3,3,0.3333333333333333
0.02,23,3,3,0.0
0.02,24,3,3,1.0
0.02,25,3,3,0.6666666666666666
0.02,26,3,3,0.3333333333333333
0.02,27,3,3,0.0
0.02,28,3,3,1.0
0.02,29,3,3,0.6666666666666666
