seed,attack_intensity,condition,availability,security_compliance,mean_risk_of_solution
0,0.0,Static,1.0,1.0,0.10718564883849863
0,0.0,TrustOnly,1.0,0.25,0.020543847456147814
0,0.0,QOPT_Oracle,1.0,1.0,0.10718564883849863
0,0.0,QOPT_QTRACE,1.0,1.0,0.11782536693449086
0,0.125,Static,1.0,1.0,0.15619231722930602
0,0.125,TrustOnly,1.0,0.25,0.029439203174973668
0,0.125,QOPT_Oracle,1.0,1.0,0.15619231722930602
0,0.125,QOPT_QTRACE,1.0,1.0,0.15656428839506445
0,0.25,Static,1.0,1.0,0.18692978519711803
0,0.25,TrustOnly,1.0,0.25,0.035583995304456134
0,0.25,QOPT_Oracle,1.0,1.0,0.18692978519711803
0,0.25,QOPT_QTRACE,1.0,1.0,0.1696765969063691
0,0.375,Static,1.0,1.0,0.220020867116561
0,0.375,TrustOnly,1.0,0.25,0.04171248429147235
0,0.375,QOPT_Oracle,1.0,1.0,0.19916692759526977
0,0.375,QOPT_QTRACE,1.0,1.0,0.18485073211224368
0,0.5,Static,1.0,1.0,0.2792638122674192
0,0.5,TrustOnly,1.0,0.25,0.05312085201884964
0,0.5,QOPT_Oracle,1.0,1.0,0.2560529533317054
0,0.5,QOPT_QTRACE,1.0,1.0,0.242214843396296
0,0.625,Static,1.0,1.0,0.315914610154178
0,0.625,TrustOnly,1.0,0.25,0.06158879728959045
0,0.625,QOPT_Oracle,1.0,1.0,0.2834771709314218
0,0.625,QOPT_QTRACE,1.0,1.0,0.3094396776885258
0,0.75,Static,1.0,1.0,0.35078414834191457
0,0.75,TrustOnly,1.0,1.0,0.37100841287158837
0,0.75,QOPT_Oracle,1.0,1.0,0.30043495855093405
0,0.75,QOPT_QTRACE,1.0,1.0,0.3249404863456269
0,0.875,Static,1.0,1.0,0.39889828400870575
0,0.875,TrustOnly,1.0,1.0,0.4283170132466758
0,0.875,QOPT_Oracle,1.0,1.0,0.34184306129166797
0,0.875,QOPT_QTRACE,1.0,1.0,0.3390391814612032
0,1.0,Static,1.0,1.0,0.4400870519558763
0,1.0,TrustOnly,1.0,1.0,0.47949720196015416
0,1.0,QOPT_Oracle,1.0,1.0,0.3773570698378545
0,1.0,QOPT_QTRACE,1.0,1.0,0.3734467855670155
1,0.0,Static,1.0,1.0,0.07749614178729204
1,0.0,TrustOnly,1.0,0.75,0.02060776636958803
1,0.0,QOPT_Oracle,1.0,1.0,0.07749614178729204
1,0.0,QOPT_QTRACE,1.0,1.0,0.08799795113490545
1,0.125,Static,1.0,1.0,0.10602444845696744
1,0.125,TrustOnly,1.0,0.75,0.027632476907833048
1,0.125,QOPT_Oracle,1.0,1.0,0.06648047087757092
1,0.125,QOPT_QTRACE,1.0,1.0,0.06316935345361195
1,0.25,Static,1.0,1.0,0.1390914447907222
1,0.25,TrustOnly,1.0,0.75,0.035881149475501445
1,0.25,QOPT_Oracle,1.0,1.0,0.08730619719570258
1,0.25,QOPT_QTRACE,1.0,1.0,0.09498822269651203
1,0.375,Static,1.0,1.0,0.16940627539392134
1,0.375,TrustOnly,1.0,0.75,0.04339168159797173
1,0.375,QOPT_Oracle,1.0,1.0,0.10732289382157958
1,0.375,QOPT_QTRACE,1.0,1.0,0.09994181231351806
1,0.5,Static,1.0,1.0,0.19913983631455062
1,0.5,TrustOnly,1.0,0.75,0.051293357183090894
1,0.5,QOPT_Oracle,1.0,1.0,0.12546155546082566
1,0.5,QOPT_QTRACE,1.0,1.0,0.12202356421037937
1,0.625,Static,1.0,1.0,0.2316591882162539
1,0.625,TrustOnly,1.0,0.75,0.06030901355426077
1,0.625,QOPT_Oracle,1.0,1.0,0.14358609008440662
1,0.625,QOPT_QTRACE,1.0,1.0,0.13621425699916145
1,0.75,Static,1.0,1.0,0.25209327305055534
1,0.75,TrustOnly,1.0,1.0,0.3767645809314035
1,0.75,QOPT_Oracle,1.0,1.0,0.15734727103192536
1,0.75,QOPT_QTRACE,1.0,1.0,0.15180126088128237
1,0.875,Static,1.0,1.0,0.2823907761236002
1,0.875,TrustOnly,1.0,1.0,0.4296568597910825
1,0.875,QOPT_Oracle,1.0,1.0,0.18123230387500552
1,0.875,QOPT_QTRACE,1.0,1.0,0.18602839866332507
1,1.0,Static,1.0,1.0,0.31852832861040525
1,1.0,TrustOnly,1.0,1.0,0.4741560418531233
1,1.0,QOPT_Oracle,1.0,1.0,0.1809072622841264
1,1.0,QOPT_QTRACE,1.0,1.0,0.17578098127706376
2,0.0,Static,1.0,1.0,0.07596697208873672
2,0.0,TrustOnly,1.0,0.5,0.019518715392605718
2,0.0,QOPT_Oracle,1.0,1.0,0.07786547682109986
2,0.0,QOPT_QTRACE,1.0,1.0,0.08159427205647381
2,0.125,Static,1.0,1.0,0.10552033054660129
2,0.125,TrustOnly,1.0,0.5,0.0271205176523363
2,0.125,QOPT_Oracle,1.0,1.0,0.1061195082436939
2,0.125,QOPT_QTRACE,1.0,1.0,0.11193304952420453
2,0.25,Static,1.0,1.0,0.13801957376674878
2,0.25,TrustOnly,1.0,0.5,0.03528360712046007
2,0.25,QOPT_Oracle,1.0,1.0,0.13414610287780163
2,0.25,QOPT_QTRACE,1.0,1.0,0.1330485685892936
2,0.375,Static,1.0,1.0,0.16780356983469824
2,0.375,TrustOnly,1.0,0.5,0.04371750423718664
2,0.375,QOPT_Oracle,1.0,1.0,0.16537814682484653
2,0.375,QOPT_QTRACE,1.0,1.0,0.14801197278967648
2,0.5,Static,1.0,1.0,0.19850396557773053
2,0.5,TrustOnly,1.0,0.5,0.05164731513367191
2,0.5,QOPT_Oracle,1.0,1.0,0.19841657366864868
2,0.5,QOPT_QTRACE,1.0,1.0,0.19749345498498794
2,0.625,Static,1.0,1.0,0.2295886881145971
2,0.625,TrustOnly,1.0,1.0,0.33756355224829704
2,0.625,QOPT_Oracle,1.0,1.0,0.22710996144530468
2,0.625,QOPT_QTRACE,1.0,1.0,0.2143117592725476
2,0.75,Static,1.0,1.0,0.2636205082751447
2,0.75,TrustOnly,1.0,1.0,0.38936844878620147
2,0.75,QOPT_Oracle,1.0,1.0,0.2394518406985022
2,0.75,QOPT_QTRACE,1.0,1.0,0.22869847361267354
2,0.875,Static,1.0,1.0,0.275230897749449
2,0.875,TrustOnly,1.0,1.0,0.4131667597258678
2,0.875,QOPT_Oracle,1.0,1.0,0.24148701256919985
2,0.875,QOPT_QTRACE,1.0,1.0,0.24587282901238663
2,1.0,Static,1.0,1.0,0.32265002493753747
2,1.0,TrustOnly,1.0,1.0,0.4748231324927457
2,1.0,QOPT_Oracle,1.0,1.0,0.2757255036534097
2,1.0,QOPT_QTRACE,1.0,1.0,0.25581660252331967
3,0.0,Static,1.0,1.0,0.02008865681566364
3,0.0,TrustOnly,1.0,1.0,0.02008865681566364
3,0.0,QOPT_Oracle,1.0,1.0,0.020238177449549876
3,0.0,QOPT_QTRACE,1.0,1.0,0.025132025335593087
3,0.125,Static,1.0,1.0,0.028275366953321536
3,0.125,TrustOnly,1.0,1.0,0.028275366953321536
3,0.125,QOPT_Oracle,1.0,1.0,0.02830119335189111
3,0.125,QOPT_QTRACE,1.0,1.0,0.0306195771169273
3,0.25,Static,1.0,1.0,0.03510874114404486
3,0.25,TrustOnly,1.0,1.0,0.03510874114404486
3,0.25,QOPT_Oracle,1.0,1.0,0.03466700366293316
3,0.25,QOPT_QTRACE,1.0,1.0,0.03523503907451591
3,0.375,Static,1.0,1.0,0.04334181362085299
3,0.375,TrustOnly,1.0,1.0,0.04334181362085299
3,0.375,QOPT_Oracle,1.0,1.0,0.04327993346761347
3,0.375,QOPT_QTRACE,1.0,1.0,0.043594006258574965
3,0.5,Static,1.0,1.0,0.05117300281952528
3,0.5,TrustOnly,1.0,1.0,0.05117300281952528
3,0.5,QOPT_Oracle,1.0,1.0,0.051057317110741116
3,0.5,QOPT_QTRACE,1.0,1.0,0.051035858549647886
3,0.625,Static,1.0,1.0,0.06150059752177241
3,0.625,TrustOnly,1.0,1.0,0.3485033859567103
3,0.625,QOPT_Oracle,1.0,1.0,0.06222370776479702
3,0.625,QOPT_QTRACE,1.0,1.0,0.058967256002687346
3,0.75,Static,1.0,1.0,0.06584271342409873
3,0.75,TrustOnly,1.0,1.0,0.37310870940322616
3,0.75,QOPT_Oracle,1.0,1.0,0.06549303673820739
3,0.75,QOPT_QTRACE,1.0,1.0,0.06889289443264195
3,0.875,Static,1.0,1.0,0.07250667793390041
3,0.875,TrustOnly,1.0,1.0,0.4108711749587689
3,0.875,QOPT_Oracle,1.0,1.0,0.07323489587616812
3,0.875,QOPT_QTRACE,1.0,1.0,0.07434380625069407
3,1.0,Static,1.0,1.0,0.08539981498302633
3,1.0,TrustOnly,1.0,1.0,0.4839322849038159
3,1.0,QOPT_Oracle,1.0,1.0,0.08543125182266381
3,1.0,QOPT_QTRACE,1.0,1.0,0.08360989362559598
4,0.0,Static,1.0,1.0,0.08344669203270302
4,0.0,TrustOnly,1.0,0.75,0.02200132436914843
4,0.0,QOPT_Oracle,1.0,1.0,0.08344669203270302
4,0.0,QOPT_QTRACE,1.0,1.0,0.08352294399931454
4,0.125,Static,1.0,1.0,0.10866370483925988
4,0.125,TrustOnly,1.0,0.75,0.028816336305183928
4,0.125,QOPT_Oracle,1.0,1.0,0.06728010360823442
4,0.125,QOPT_QTRACE,1.0,1.0,0.060890442107605934
4,0.25,Static,1.0,1.0,0.1386909096097572
4,0.25,TrustOnly,1.0,0.75,0.035430731990054545
4,0.25,QOPT_Oracle,1.0,1.0,0.08752458058715085
4,0.25,QOPT_QTRACE,1.0,1.0,0.07579520461676797
4,0.375,Static,1.0,1.0,0.17634886274595735
4,0.375,TrustOnly,1.0,0.75,0.045469616565306896
4,0.375,QOPT_Oracle,1.0,1.0,0.10077132409641879
4,0.375,QOPT_QTRACE,1.0,1.0,0.09744873813037905
4,0.5,Static,1.0,1.0,0.20240017431708943
4,0.5,TrustOnly,1.0,0.75,0.05254559823242998
4,0.5,QOPT_Oracle,1.0,1.0,0.11494208715017927
4,0.5,QOPT_QTRACE,1.0,1.0,0.114165606196903
4,0.625,Static,1.0,1.0,0.2253743202019426
4,0.625,TrustOnly,1.0,1.0,0.3437118485489544
4,0.625,QOPT_Oracle,1.0,1.0,0.12768474376713612
4,0.625,QOPT_QTRACE,1.0,1.0,0.12011147212248635
4,0.75,Static,1.0,1.0,0.2582220582556479
4,0.75,TrustOnly,1.0,1.0,0.3806435634676344
4,0.75,QOPT_Oracle,1.0,1.0,0.14551529623397624
4,0.75,QOPT_QTRACE,1.0,1.0,0.13421753420786056
4,0.875,Static,1.0,1.0,0.2905920552659549
4,0.875,TrustOnly,1.0,1.0,0.42730486639993753
4,0.875,QOPT_Oracle,1.0,1.0,0.1649203266837214
4,0.875,QOPT_QTRACE,1.0,1.0,0.16694958149466912
4,1.0,Static,1.0,1.0,0.3221501924071854
4,1.0,TrustOnly,1.0,1.0,0.471479893221209
4,1.0,QOPT_Oracle,1.0,1.0,0.18041190129360832
4,1.0,QOPT_QTRACE,1.0,1.0,0.18041190129360832
5,0.0,Static,1.0,1.0,0.07428623793686974
5,0.0,TrustOnly,1.0,0.75,0.01945094172416868
5,0.0,QOPT_Oracle,1.0,1.0,0.07459004415173182
5,0.0,QOPT_QTRACE,1.0,1.0,0.08229004763190118
5,0.125,Static,1.0,1.0,0.10560888282915988
5,0.125,TrustOnly,1.0,0.75,0.027644580361211694
5,0.125,QOPT_Oracle,1.0,1.0,0.06707603174468812
5,0.125,QOPT_QTRACE,1.0,1.0,0.06364676167541185
5,0.25,Static,1.0,1.0,0.13897910044331574
5,0.25,TrustOnly,1.0,0.75,0.03575951032334865
5,0.25,QOPT_Oracle,1.0,1.0,0.07694705446613548
5,0.25,QOPT_QTRACE,1.0,1.0,0.07863244532756447
5,0.375,Static,1.0,1.0,0.16274820971508397
5,0.375,TrustOnly,1.0,0.75,0.04272907112288876
5,0.375,QOPT_Oracle,1.0,1.0,0.09118585035743469
5,0.375,QOPT_QTRACE,1.0,1.0,0.07805484230520836
5,0.5,Static,1.0,1.0,0.18908925017324776
5,0.5,TrustOnly,1.0,0.75,0.04906168096409265
5,0.5,QOPT_Oracle,1.0,1.0,0.10785119192183337
5,0.5,QOPT_QTRACE,1.0,1.0,0.1088995976084038
5,0.625,Static,1.0,1.0,0.22655830822651868
5,0.625,TrustOnly,1.0,0.75,0.05913430817904964
5,0.625,QOPT_Oracle,1.0,1.0,0.12611415335262366
5,0.625,QOPT_QTRACE,1.0,1.0,0.12652180617839637
5,0.75,Static,1.0,1.0,0.25099468943157105
5,0.75,TrustOnly,1.0,1.0,0.3800078720716241
5,0.75,QOPT_Oracle,1.0,1.0,0.13745016851684205
5,0.75,QOPT_QTRACE,1.0,1.0,0.12970072739838295
5,0.875,Static,1.0,1.0,0.2767432617151166
5,0.875,TrustOnly,1.0,1.0,0.40882858406063066
5,0.875,QOPT_Oracle,1.0,1.0,0.15003307468428612
5,0.875,QOPT_QTRACE,1.0,1.0,0.14781171283284664
5,1.0,Static,1.0,1.0,0.3139224216574247
5,1.0,TrustOnly,1.0,1.0,0.46703653856388105
5,1.0,QOPT_Oracle,1.0,1.0,0.18294420096498815
5,1.0,QOPT_QTRACE,1.0,1.0,0.18243832621729447
6,0.0,Static,1.0,1.0,0.07692979259499846
6,0.0,TrustOnly,1.0,0.75,0.02001390064755664
6,0.0,QOPT_Oracle,1.0,1.0,0.07692979259499846
6,0.0,QOPT_QTRACE,1.0,1.0,0.08994830909541168
6,0.125,Static,1.0,1.0,0.11393291368971617
6,0.125,TrustOnly,1.0,0.75,0.029369090842108724
6,0.125,QOPT_Oracle,1.0,1.0,0.07170605190773857
6,0.125,QOPT_QTRACE,1.0,1.0,0.07897667664438124
6,0.25,Static,1.0,1.0,0.13757754269573985
6,0.25,TrustOnly,1.0,0.75,0.03628480169204086
6,0.25,QOPT_Oracle,1.0,1.0,0.08711858937074993
6,0.25,QOPT_QTRACE,1.0,1.0,0.09321328563728982
6,0.375,Static,1.0,1.0,0.17254815987136843
6,0.375,TrustOnly,1.0,0.75,0.0445619332038948
6,0.375,QOPT_Oracle,1.0,1.0,0.10900176527653059
6,0.375,QOPT_QTRACE,1.0,1.0,0.10838006366949691
6,0.5,Static,1.0,1.0,0.20600759315528477
6,0.5,TrustOnly,1.0,0.75,0.05361822527421907
6,0.5,QOPT_Oracle,1.0,1.0,0.13009454975297613
6,0.5,QOPT_QTRACE,1.0,1.0,0.11581227883359098
6,0.625,Static,1.0,1.0,0.22813168654923208
6,0.625,TrustOnly,1.0,0.75,0.0588121757571156
6,0.625,QOPT_Oracle,1.0,1.0,0.1439281243180078
6,0.625,QOPT_QTRACE,1.0,1.0,0.1484508509272705
6,0.75,Static,1.0,1.0,0.2540028228333181
6,0.75,TrustOnly,1.0,1.0,0.3791945854832531
6,0.75,QOPT_Oracle,1.0,1.0,0.1609628800475387
6,0.75,QOPT_QTRACE,1.0,1.0,0.1575864469529885
6,0.875,Static,1.0,1.0,0.2972354223942821
6,0.875,TrustOnly,1.0,1.0,0.4375552167280207
6,0.875,QOPT_Oracle,1.0,1.0,0.18539334346037778
6,0.875,QOPT_QTRACE,1.0,1.0,0.18196719040062465
6,1.0,Static,1.0,1.0,0.32083820232150084
6,1.0,TrustOnly,1.0,1.0,0.4734216929979709
6,1.0,QOPT_Oracle,1.0,1.0,0.18139501797170784
6,1.0,QOPT_QTRACE,1.0,1.0,0.17818305453203184
7,0.0,Static,1.0,1.0,0.104893536984109
7,0.0,TrustOnly,1.0,0.5,0.01995605369895521
7,0.0,QOPT_Oracle,1.0,1.0,0.10427562403650587
7,0.0,QOPT_QTRACE,1.0,1.0,0.1069699667860469
7,0.125,Static,1.0,1.0,0.15222403684295285
7,0.125,TrustOnly,1.0,0.5,0.02856893071500737
7,0.125,QOPT_Oracle,1.0,1.0,0.11032156955982093
7,0.125,QOPT_QTRACE,1.0,1.0,0.11864164889162769
7,0.25,Static,1.0,1.0,0.1876504680602818
7,0.25,TrustOnly,1.0,0.5,0.035783180433535275
7,0.25,QOPT_Oracle,1.0,1.0,0.1339883582144371
7,0.25,QOPT_QTRACE,1.0,1.0,0.13244289047401933
7,0.375,Static,1.0,1.0,0.23239846439720388
7,0.375,TrustOnly,1.0,0.5,0.04419579703628061
7,0.375,QOPT_Oracle,1.0,1.0,0.1720906416829512
7,0.375,QOPT_QTRACE,1.0,1.0,0.16638628940851768
7,0.5,Static,1.0,1.0,0.26702613511909845
7,0.5,TrustOnly,1.0,0.5,0.0518316420430489
7,0.5,QOPT_Oracle,1.0,1.0,0.1938205428881724
7,0.5,QOPT_QTRACE,1.0,1.0,0.17407845583734466
7,0.625,Static,1.0,1.0,0.3163062990478913
7,0.625,TrustOnly,1.0,1.0,0.34004026388219716
7,0.625,QOPT_Oracle,1.0,1.0,0.22779028452392688
7,0.625,QOPT_QTRACE,1.0,1.0,0.23356962518305602
7,0.75,Static,1.0,1.0,0.3540679704799931
7,0.75,TrustOnly,1.0,1.0,0.3770562165437109
7,0.75,QOPT_Oracle,1.0,1.0,0.2574906947536708
7,0.75,QOPT_QTRACE,1.0,1.0,0.23445839901212076
7,0.875,Static,1.0,1.0,0.4057492555057754
7,0.875,TrustOnly,1.0,1.0,0.43869718243929434
7,0.875,QOPT_Oracle,1.0,1.0,0.25794901503287854
7,0.875,QOPT_QTRACE,1.0,1.0,0.2515010856548495
7,1.0,Static,1.0,1.0,0.4319271999636381
7,1.0,TrustOnly,1.0,1.0,0.46408036118643553
7,1.0,QOPT_Oracle,1.0,1.0,0.2710877102476688
7,1.0,QOPT_QTRACE,1.0,1.0,0.2579355954358442
8,0.0,Static,1.0,1.0,0.10374159472192725
8,0.0,TrustOnly,1.0,0.5,0.019712858786112043
8,0.0,QOPT_Oracle,1.0,1.0,0.10426740437473948
8,0.0,QOPT_QTRACE,1.0,1.0,0.12154136328376147
8,0.125,Static,1.0,1.0,0.15057554528198647
8,0.125,TrustOnly,1.0,0.5,0.028606423402551096
8,0.125,QOPT_Oracle,1.0,1.0,0.1105571653131166
8,0.125,QOPT_QTRACE,1.0,1.0,0.11870144109238151
8,0.25,Static,1.0,1.0,0.19142812705562634
8,0.25,TrustOnly,1.0,0.5,0.036237772110911365
8,0.25,QOPT_Oracle,1.0,1.0,0.13947767912155934
8,0.25,QOPT_QTRACE,1.0,1.0,0.14133501974175847
8,0.375,Static,1.0,1.0,0.22726072303878067
8,0.375,TrustOnly,1.0,0.5,0.04379054061772719
8,0.375,QOPT_Oracle,1.0,1.0,0.1551950790388457
8,0.375,QOPT_QTRACE,1.0,1.0,0.15873345348685253
8,0.5,Static,1.0,1.0,0.2680355094664752
8,0.5,TrustOnly,1.0,0.5,0.05169571366099067
8,0.5,QOPT_Oracle,1.0,1.0,0.1841993788155495
8,0.5,QOPT_QTRACE,1.0,1.0,0.18165589365799076
8,0.625,Static,1.0,1.0,0.310647840450562
8,0.625,TrustOnly,1.0,1.0,0.3341854893918195
8,0.625,QOPT_Oracle,1.0,1.0,0.20825379220947476
8,0.625,QOPT_QTRACE,1.0,1.0,0.21714976220011392
8,0.75,Static,1.0,1.0,0.3633753485906847
8,0.75,TrustOnly,1.0,1.0,0.38714946005953643
8,0.75,QOPT_Oracle,1.0,1.0,0.23161604283382917
8,0.75,QOPT_QTRACE,1.0,1.0,0.22565672633265388
8,0.875,Static,1.0,1.0,0.41088186469613963
8,0.875,TrustOnly,1.0,1.0,0.441715450907445
8,0.875,QOPT_Oracle,1.0,1.0,0.2621053272546916
8,0.875,QOPT_QTRACE,1.0,1.0,0.25597949518454516
8,1.0,Static,1.0,1.0,0.44086409578544444
8,1.0,TrustOnly,1.0,1.0,0.4768817397403081
8,1.0,QOPT_Oracle,1.0,1.0,0.2689348233616338
8,1.0,QOPT_QTRACE,1.0,1.0,0.26543812221992047
9,0.0,Static,1.0,1.0,0.04679100102800657
9,0.0,TrustOnly,1.0,0.75,0.02029606043397052
9,0.0,QOPT_Oracle,1.0,1.0,0.04679100102800657
9,0.0,QOPT_QTRACE,1.0,1.0,0.05351052592908392
9,0.125,Static,1.0,1.0,0.07349501178855533
9,0.125,TrustOnly,1.0,0.75,0.029064140661180057
9,0.125,QOPT_Oracle,1.0,1.0,0.07349501178855533
9,0.125,QOPT_QTRACE,1.0,1.0,0.08464494387215447
9,0.25,Static,1.0,1.0,0.09121453271022281
9,0.25,TrustOnly,1.0,0.75,0.03584766678198482
9,0.25,QOPT_Oracle,1.0,1.0,0.081443909311122
9,0.25,QOPT_QTRACE,1.0,1.0,0.08594468904196961
9,0.375,Static,1.0,1.0,0.1134844663063706
9,0.375,TrustOnly,1.0,0.75,0.046046526631536765
9,0.375,QOPT_Oracle,1.0,1.0,0.10158365342257639
9,0.375,QOPT_QTRACE,1.0,1.0,0.11099181141114414
9,0.5,Static,1.0,1.0,0.1302125706351167
9,0.5,TrustOnly,1.0,0.75,0.052039687234928717
9,0.5,QOPT_Oracle,1.0,1.0,0.11641735591743647
9,0.5,QOPT_QTRACE,1.0,1.0,0.1242097395357408
9,0.625,Static,1.0,1.0,0.13569226417352626
9,0.625,TrustOnly,1.0,0.75,0.05883247555967282
9,0.625,QOPT_Oracle,1.0,1.0,0.12212877206519918
9,0.625,QOPT_QTRACE,1.0,1.0,0.11544861298149205
9,0.75,Static,1.0,1.0,0.17239950251038705
9,0.75,TrustOnly,1.0,1.0,0.3920119993453853
9,0.75,QOPT_Oracle,1.0,1.0,0.1541840470296906
9,0.75,QOPT_QTRACE,1.0,1.0,0.16231939991916
9,0.875,Static,1.0,1.0,0.18354447870202417
9,0.875,TrustOnly,1.0,1.0,0.42173035879871984
9,0.875,QOPT_Oracle,1.0,1.0,0.16428774795941253
9,0.875,QOPT_QTRACE,1.0,1.0,0.16955165472880163
9,1.0,Static,1.0,1.0,0.20091670256901079
9,1.0,TrustOnly,1.0,1.0,0.46149235299351327
9,1.0,QOPT_Oracle,1.0,1.0,0.1798325480566304
9,1.0,QOPT_QTRACE,1.0,1.0,0.17790750788159246
10,0.0,Static,1.0,1.0,0.08087348195975261
10,0.0,TrustOnly,1.0,0.75,0.020911774972593607
10,0.0,QOPT_Oracle,1.0,1.0,0.08087348195975261
10,0.0,QOPT_QTRACE,1.0,1.0,0.08715589783083341
10,0.125,Static,1.0,1.0,0.11196162935317173
10,0.125,TrustOnly,1.0,0.75,0.028817721852243783
10,0.125,QOPT_Oracle,1.0,1.0,0.07132477465281759
10,0.125,QOPT_QTRACE,1.0,1.0,0.06802066630065935
10,0.25,Static,1.0,1.0,0.13497274503837067
10,0.25,TrustOnly,1.0,0.75,0.03551335305813488
10,0.25,QOPT_Oracle,1.0,1.0,0.08669591710091944
10,0.25,QOPT_QTRACE,1.0,1.0,0.0968793618024067
10,0.375,Static,1.0,1.0,0.1706346072677085
10,0.375,TrustOnly,1.0,0.75,0.04505449906534754
10,0.375,QOPT_Oracle,1.0,1.0,0.10918721378437309
10,0.375,QOPT_QTRACE,1.0,1.0,0.11091012898496456
10,0.5,Static,1.0,1.0,0.20163062438354706
10,0.5,TrustOnly,1.0,0.75,0.0515415830622409
10,0.5,QOPT_Oracle,1.0,1.0,0.12498972940245234
10,0.5,QOPT_QTRACE,1.0,1.0,0.12697750712841138
10,0.625,Static,1.0,1.0,0.23348931135699855
10,0.625,TrustOnly,1.0,0.75,0.05987308007831815
10,0.625,QOPT_Oracle,1.0,1.0,0.1325383161248841
10,0.625,QOPT_QTRACE,1.0,1.0,0.1488381153082791
10,0.75,Static,1.0,1.0,0.24914944144790935
10,0.75,TrustOnly,1.0,1.0,0.3609819227499031
10,0.75,QOPT_Oracle,1.0,1.0,0.15056140717506486
10,0.75,QOPT_QTRACE,1.0,1.0,0.15173107254955348
10,0.875,Static,1.0,1.0,0.2851141287279864
10,0.875,TrustOnly,1.0,1.0,0.42618130498477336
10,0.875,QOPT_Oracle,1.0,1.0,0.16099336828991365
10,0.875,QOPT_QTRACE,1.0,1.0,0.16394980813422433
10,1.0,Static,1.0,1.0,0.31149004585289913
10,1.0,TrustOnly,1.0,1.0,0.46312761676235853
10,1.0,QOPT_Oracle,1.0,1.0,0.17529628416220447
10,1.0,QOPT_QTRACE,1.0,1.0,0.1683062497940938
11,0.0,Static,1.0,1.0,0.07993179116878305
11,0.0,TrustOnly,1.0,0.75,0.0209839373371571
11,0.0,QOPT_Oracle,1.0,1.0,0.07993179116878305
11,0.0,QOPT_QTRACE,1.0,1.0,0.08865666567837498
11,0.125,Static,1.0,1.0,0.11114511977749113
11,0.125,TrustOnly,1.0,0.75,0.028574666652088417
11,0.125,QOPT_Oracle,1.0,1.0,0.07091772175437562
11,0.125,QOPT_QTRACE,1.0,1.0,0.072118318651091
11,0.25,Static,1.0,1.0,0.14202717178931007
11,0.25,TrustOnly,1.0,0.75,0.036609490503760576
11,0.25,QOPT_Oracle,1.0,1.0,0.09115230457154234
11,0.25,QOPT_QTRACE,1.0,1.0,0.08093641490185643
11,0.375,Static,1.0,1.0,0.16672987695477873
11,0.375,TrustOnly,1.0,0.75,0.04315567026816302
11,0.375,QOPT_Oracle,1.0,1.0,0.10502108545489328
11,0.375,QOPT_QTRACE,1.0,1.0,0.10213104882463116
11,0.5,Static,1.0,1.0,0.1900085922234946
11,0.5,TrustOnly,1.0,0.75,0.049921099123100644
11,0.5,QOPT_Oracle,1.0,1.0,0.11810434111975229
11,0.5,QOPT_QTRACE,1.0,1.0,0.11523112396453164
11,0.625,Static,1.0,1.0,0.23027157727488642
11,0.625,TrustOnly,1.0,0.75,0.059927261371076526
11,0.625,QOPT_Oracle,1.0,1.0,0.144890245036752
11,0.625,QOPT_QTRACE,1.0,1.0,0.14514577449251748
11,0.75,Static,1.0,1.0,0.25909466380708635
11,0.75,TrustOnly,1.0,1.0,0.38547605543126695
11,0.75,QOPT_Oracle,1.0,1.0,0.14851063022991
11,0.75,QOPT_QTRACE,1.0,1.0,0.15220257820387242
11,0.875,Static,1.0,1.0,0.27900382624244785
11,0.875,TrustOnly,1.0,1.0,0.41780336487592623
11,0.875,QOPT_Oracle,1.0,1.0,0.15746806311463782
11,0.875,QOPT_QTRACE,1.0,1.0,0.15475803205206226
11,1.0,Static,1.0,1.0,0.3185401066986938
11,1.0,TrustOnly,1.0,1.0,0.47014899473000193
11,1.0,QOPT_Oracle,1.0,1.0,0.17951863435631873
11,1.0,QOPT_QTRACE,1.0,1.0,0.17633103813340137
12,0.0,Static,1.0,1.0,0.04900688027579891
12,0.0,TrustOnly,1.0,0.75,0.019963282096832437
12,0.0,QOPT_Oracle,1.0,1.0,0.04899113371260635
12,0.0,QOPT_QTRACE,1.0,1.0,0.04899113371260635
12,0.125,Static,1.0,1.0,0.06770872402662413
12,0.125,TrustOnly,1.0,0.75,0.027700706326244336
12,0.125,QOPT_Oracle,1.0,1.0,0.06797275176680659
12,0.125,QOPT_QTRACE,1.0,1.0,0.06542550960684075
12,0.25,Static,1.0,1.0,0.08298415304996885
12,0.25,TrustOnly,1.0,0.75,0.03412304320327367
12,0.25,QOPT_Oracle,1.0,1.0,0.08304259837565604
12,0.25,QOPT_QTRACE,1.0,1.0,0.09124868582556564
12,0.375,Static,1.0,1.0,0.1111032969684643
12,0.375,TrustOnly,1.0,0.75,0.045255575420915
12,0.375,QOPT_Oracle,1.0,1.0,0.09931255663052962
12,0.375,QOPT_QTRACE,1.0,1.0,0.10077292655578476
12,0.5,Static,1.0,1.0,0.11878562467069276
12,0.5,TrustOnly,1.0,0.75,0.05086136206771643
12,0.5,QOPT_Oracle,1.0,1.0,0.10627012198643282
12,0.5,QOPT_QTRACE,1.0,1.0,0.09534272807832776
12,0.625,Static,1.0,1.0,0.1523157965087117
12,0.625,TrustOnly,1.0,0.75,0.061330649294103576
12,0.625,QOPT_Oracle,1.0,1.0,0.1362178646263108
12,0.625,QOPT_QTRACE,1.0,1.0,0.1499919962930927
12,0.75,Static,1.0,1.0,0.170091401341727
12,0.75,TrustOnly,1.0,1.0,0.379531648228577
12,0.75,QOPT_Oracle,1.0,1.0,0.15248222584503685
12,0.75,QOPT_QTRACE,1.0,1.0,0.1572477486217248
12,0.875,Static,1.0,1.0,0.18386451784532692
12,0.875,TrustOnly,1.0,1.0,0.4247734146109812
12,0.875,QOPT_Oracle,1.0,1.0,0.16454708639650958
12,0.875,QOPT_QTRACE,1.0,1.0,0.16589537748056365
12,1.0,Static,1.0,1.0,0.19919201206146067
12,1.0,TrustOnly,1.0,1.0,0.46774357157042346
12,1.0,QOPT_Oracle,1.0,1.0,0.17923348889207505
12,1.0,QOPT_QTRACE,1.0,1.0,0.17556296218408401
13,0.0,Static,1.0,1.0,0.020116473440132062
13,0.0,TrustOnly,1.0,1.0,0.020116473440132062
13,0.0,QOPT_Oracle,1.0,1.0,0.01982042726620736
13,0.0,QOPT_QTRACE,1.0,1.0,0.020672623666068982
13,0.125,Static,1.0,1.0,0.029478869508622777
13,0.125,TrustOnly,1.0,1.0,0.029478869508622777
13,0.125,QOPT_Oracle,1.0,1.0,0.029478869508622777
13,0.125,QOPT_QTRACE,1.0,1.0,0.030063362347585804
13,0.25,Static,1.0,1.0,0.03625384754316013
13,0.25,TrustOnly,1.0,1.0,0.03625384754316013
13,0.25,QOPT_Oracle,1.0,1.0,0.036095990797115896
13,0.25,QOPT_QTRACE,1.0,1.0,0.03657774675799708
13,0.375,Static,1.0,1.0,0.04542936400891227
13,0.375,TrustOnly,1.0,1.0,0.04542936400891227
13,0.375,QOPT_Oracle,1.0,1.0,0.04542936400891227
13,0.375,QOPT_QTRACE,1.0,1.0,0.04821986209266143
13,0.5,Static,1.0,1.0,0.05333409928371397
13,0.5,TrustOnly,1.0,1.0,0.05333409928371397
13,0.5,QOPT_Oracle,1.0,1.0,0.05333409928371397
13,0.5,QOPT_QTRACE,1.0,1.0,0.0526802638342696
13,0.625,Static,1.0,1.0,0.05699994868805202
13,0.625,TrustOnly,1.0,1.0,0.05699994868805202
13,0.625,QOPT_Oracle,1.0,1.0,0.05699994868805202
13,0.625,QOPT_QTRACE,1.0,1.0,0.051351147463449855
13,0.75,Static,1.0,1.0,0.06704504160329802
13,0.75,TrustOnly,1.0,1.0,0.3799219024186888
13,0.75,QOPT_Oracle,1.0,1.0,0.06704504160329802
13,0.75,QOPT_QTRACE,1.0,1.0,0.06675906656233656
13,0.875,Static,1.0,1.0,0.07420897703376962
13,0.875,TrustOnly,1.0,1.0,0.4205175365246946
13,0.875,QOPT_Oracle,1.0,1.0,0.07420897703376962
13,0.875,QOPT_QTRACE,1.0,1.0,0.07383862863179269
13,1.0,Static,1.0,1.0,0.08334466501032764
13,1.0,TrustOnly,1.0,1.0,0.4722864350585233
13,1.0,QOPT_Oracle,1.0,1.0,0.08334466501032764
13,1.0,QOPT_QTRACE,1.0,1.0,0.08272629384915073
14,0.0,Static,1.0,1.0,0.07568684638471412
14,0.0,TrustOnly,1.0,0.75,0.019372869865067824
14,0.0,QOPT_Oracle,1.0,1.0,0.07190308225832259
14,0.0,QOPT_QTRACE,1.0,1.0,0.07376082877329491
14,0.125,Static,1.0,1.0,0.10503184161786314
14,0.125,TrustOnly,1.0,0.75,0.02706465022217758
14,0.125,QOPT_Oracle,1.0,1.0,0.06582893213182191
14,0.125,QOPT_QTRACE,1.0,1.0,0.0658446301728722
14,0.25,Static,1.0,1.0,0.14041289317261843
14,0.25,TrustOnly,1.0,0.75,0.03685342174028706
14,0.25,QOPT_Oracle,1.0,1.0,0.08551791736854042
14,0.25,QOPT_QTRACE,1.0,1.0,0.08318875738679662
14,0.375,Static,1.0,1.0,0.16591173127048206
14,0.375,TrustOnly,1.0,0.75,0.04225062054434451
14,0.375,QOPT_Oracle,1.0,1.0,0.10377824827971714
14,0.375,QOPT_QTRACE,1.0,1.0,0.09958953427522822
14,0.5,Static,1.0,1.0,0.20230037871483258
14,0.5,TrustOnly,1.0,0.75,0.05212220962400459
14,0.5,QOPT_Oracle,1.0,1.0,0.12816087709129434
14,0.5,QOPT_QTRACE,1.0,1.0,0.12418772318003742
14,0.625,Static,1.0,1.0,0.23434179656268334
14,0.625,TrustOnly,1.0,0.75,0.061309538303635946
14,0.625,QOPT_Oracle,1.0,1.0,0.14430945297874712
14,0.625,QOPT_QTRACE,1.0,1.0,0.14677936391960322
14,0.75,Static,1.0,1.0,0.2622835899253016
14,0.75,TrustOnly,1.0,1.0,0.3875097956728033
14,0.75,QOPT_Oracle,1.0,1.0,0.14625247627192045
14,0.75,QOPT_QTRACE,1.0,1.0,0.14302946818222623
14,0.875,Static,1.0,1.0,0.2916500274221907
14,0.875,TrustOnly,1.0,1.0,0.44023966252560487
14,0.875,QOPT_Oracle,1.0,1.0,0.16278559404550422
14,0.875,QOPT_QTRACE,1.0,1.0,0.1651130103284612
14,1.0,Static,1.0,1.0,0.3126274724973627
14,1.0,TrustOnly,1.0,1.0,0.4730191284113102
14,1.0,QOPT_Oracle,1.0,1.0,0.1791393532896055
14,1.0,QOPT_QTRACE,1.0,1.0,0.16892068406290334
15,0.0,Static,1.0,1.0,0.05049200841019426
15,0.0,TrustOnly,1.0,0.75,0.021236993512122347
15,0.0,QOPT_Oracle,1.0,1.0,0.050442772807594946
15,0.0,QOPT_QTRACE,1.0,1.0,0.05310980299085279
15,0.125,Static,1.0,1.0,0.06789186928558412
15,0.125,TrustOnly,1.0,0.75,0.027911672741119893
15,0.125,QOPT_Oracle,1.0,1.0,0.06748089885164477
15,0.125,QOPT_QTRACE,1.0,1.0,0.06683856244451135
15,0.25,Static,1.0,1.0,0.08842275339316884
15,0.25,TrustOnly,1.0,0.75,0.036314376244472674
15,0.25,QOPT_Oracle,1.0,1.0,0.08842275339316884
15,0.25,QOPT_QTRACE,1.0,1.0,0.08159616109566431
15,0.375,Static,1.0,1.0,0.1056807139655332
15,0.375,TrustOnly,1.0,0.75,0.043728574815852454
15,0.375,QOPT_Oracle,1.0,1.0,0.1056807139655332
15,0.375,QOPT_QTRACE,1.0,1.0,0.10471820154159239
15,0.5,Static,1.0,1.0,0.1211557744144516
15,0.5,TrustOnly,1.0,0.75,0.05042387395584657
15,0.5,QOPT_Oracle,1.0,1.0,0.11985385714292271
15,0.5,QOPT_QTRACE,1.0,1.0,0.12539704735627288
15,0.625,Static,1.0,1.0,0.13898443976909725
15,0.625,TrustOnly,1.0,1.0,0.32777345005609715
15,0.625,QOPT_Oracle,1.0,1.0,0.13898443976909725
15,0.625,QOPT_QTRACE,1.0,1.0,0.1366459362608228
15,0.75,Static,1.0,1.0,0.16311242362921466
15,0.75,TrustOnly,1.0,1.0,0.38454234228713546
15,0.75,QOPT_Oracle,1.0,1.0,0.16165835053798994
15,0.75,QOPT_QTRACE,1.0,1.0,0.15956181019262988
15,0.875,Static,1.0,1.0,0.17802522853991473
15,0.875,TrustOnly,1.0,1.0,0.4147048317353975
15,0.875,QOPT_Oracle,1.0,1.0,0.17802522853991473
15,0.875,QOPT_QTRACE,1.0,1.0,0.17377914749365247
15,1.0,Static,1.0,1.0,0.1988214851794093
15,1.0,TrustOnly,1.0,1.0,0.46149942948600775
15,1.0,QOPT_Oracle,1.0,1.0,0.1899971357922017
15,1.0,QOPT_QTRACE,1.0,1.0,0.18090535286924997
16,0.0,Static,1.0,1.0,0.07573722867936293
16,0.0,TrustOnly,1.0,0.75,0.01983752703461028
16,0.0,QOPT_Oracle,1.0,1.0,0.07573722867936293
16,0.0,QOPT_QTRACE,1.0,1.0,0.08673773687694622
16,0.125,Static,1.0,1.0,0.10639695070117629
16,0.125,TrustOnly,1.0,0.75,0.02750475131080053
16,0.125,QOPT_Oracle,1.0,1.0,0.06493433319340373
16,0.125,QOPT_QTRACE,1.0,1.0,0.06649630102362857
16,0.25,Static,1.0,1.0,0.13820777374213067
16,0.25,TrustOnly,1.0,0.75,0.03546200206349101
16,0.25,QOPT_Oracle,1.0,1.0,0.08652166785285405
16,0.25,QOPT_QTRACE,1.0,1.0,0.08021546002911568
16,0.375,Static,1.0,1.0,0.16667505605606264
16,0.375,TrustOnly,1.0,0.75,0.043516484842647
16,0.375,QOPT_Oracle,1.0,1.0,0.10273183510467288
16,0.375,QOPT_QTRACE,1.0,1.0,0.10461387166808392
16,0.5,Static,1.0,1.0,0.20507605703521575
16,0.5,TrustOnly,1.0,0.75,0.05390772056722655
16,0.5,QOPT_Oracle,1.0,1.0,0.1306168325525595
16,0.5,QOPT_QTRACE,1.0,1.0,0.11816367782491645
16,0.625,Static,1.0,1.0,0.23368331430512937
16,0.625,TrustOnly,1.0,1.0,0.34104509489521906
16,0.625,QOPT_Oracle,1.0,1.0,0.14363371156819624
16,0.625,QOPT_QTRACE,1.0,1.0,0.1457782953663532
16,0.75,Static,1.0,1.0,0.26438342400082326
16,0.75,TrustOnly,1.0,1.0,0.3924709403147907
16,0.75,QOPT_Oracle,1.0,1.0,0.16675243712259205
16,0.75,QOPT_QTRACE,1.0,1.0,0.15863396242922465
16,0.875,Static,1.0,1.0,0.2906625303495753
16,0.875,TrustOnly,1.0,1.0,0.43596844210859165
16,0.875,QOPT_Oracle,1.0,1.0,0.18389396485508222
16,0.875,QOPT_QTRACE,1.0,1.0,0.1817069530323519
16,1.0,Static,1.0,1.0,0.3260516474854235
16,1.0,TrustOnly,1.0,1.0,0.4814192702215594
16,1.0,QOPT_Oracle,1.0,1.0,0.1845817143082469
16,1.0,QOPT_QTRACE,1.0,1.0,0.17978171592875583
17,0.0,Static,1.0,1.0,0.1307310834010877
17,0.0,TrustOnly,1.0,0.75,0.01960966251016315
17,0.0,QOPT_Oracle,1.0,1.0,0.1307310834010877
17,0.0,QOPT_QTRACE,1.0,1.0,0.13391851747853573
17,0.125,Static,1.0,1.0,0.19657131955262078
17,0.125,TrustOnly,1.0,0.75,0.029485697932893115
17,0.125,QOPT_Oracle,1.0,1.0,0.07308969055053502
17,0.125,QOPT_QTRACE,1.0,1.0,0.06943585499319416
17,0.25,Static,1.0,1.0,0.24235090540976262
17,0.25,TrustOnly,1.0,0.75,0.03635263581146439
17,0.25,QOPT_Oracle,1.0,1.0,0.08662474110902524
17,0.25,QOPT_QTRACE,1.0,1.0,0.0919612151446485
17,0.375,Static,1.0,1.0,0.29550303549877344
17,0.375,TrustOnly,1.0,0.75,0.04432545532481601
17,0.375,QOPT_Oracle,1.0,1.0,0.10582089353193276
17,0.375,QOPT_QTRACE,1.0,1.0,0.0820599112588736
17,0.5,Static,1.0,1.0,0.34264292610581915
17,0.5,TrustOnly,1.0,0.75,0.05139643891587287
17,0.5,QOPT_Oracle,1.0,1.0,0.11400506257766872
17,0.5,QOPT_QTRACE,1.0,1.0,0.11224549760529476
17,0.625,Static,1.0,1.0,0.38760380012401013
17,0.625,TrustOnly,1.0,0.75,0.058140570018601526
17,0.625,QOPT_Oracle,1.0,1.0,0.12366453618253823
17,0.625,QOPT_QTRACE,1.0,1.0,0.13963337682524124
17,0.75,Static,1.0,1.0,0.4612932641058614
17,0.75,TrustOnly,1.0,1.0,0.3920992744899822
17,0.75,QOPT_Oracle,1.0,1.0,0.14191046096101192
17,0.75,QOPT_QTRACE,1.0,1.0,0.13835191078597303
17,0.875,Static,1.0,1.0,0.49486492670533955
17,0.875,TrustOnly,1.0,1.0,0.4206351876995386
17,0.875,QOPT_Oracle,1.0,1.0,0.1589070185878322
17,0.875,QOPT_QTRACE,1.0,1.0,0.16489711643863417
17,1.0,Static,1.0,1.0,0.5550331127322174
17,1.0,TrustOnly,1.0,1.0,0.47177814582238486
17,1.0,QOPT_Oracle,1.0,1.0,0.18705698937855114
17,1.0,QOPT_QTRACE,1.0,1.0,0.18048582819323794
18,0.0,Static,1.0,1.0,0.10477106610832415
18,0.0,TrustOnly,1.0,0.5,0.01973337375447317
18,0.0,QOPT_Oracle,1.0,1.0,0.10306989593732789
18,0.0,QOPT_QTRACE,1.0,1.0,0.1118993814563737
18,0.125,Static,1.0,1.0,0.1496507169841448
18,0.125,TrustOnly,1.0,0.5,0.028124544158240363
18,0.125,QOPT_Oracle,1.0,1.0,0.10705151283710015
18,0.125,QOPT_QTRACE,1.0,1.0,0.10490372666003546
18,0.25,Static,1.0,1.0,0.1870588753307495
18,0.25,TrustOnly,1.0,0.5,0.03577390409406661
18,0.25,QOPT_Oracle,1.0,1.0,0.13343311440667704
18,0.25,QOPT_QTRACE,1.0,1.0,0.1302709630730417
18,0.375,Static,1.0,1.0,0.23390995488560612
18,0.375,TrustOnly,1.0,0.5,0.04501234683868891
18,0.375,QOPT_Oracle,1.0,1.0,0.16822195306288562
18,0.375,QOPT_QTRACE,1.0,1.0,0.16134952082942894
18,0.5,Static,1.0,1.0,0.27066272197942454
18,0.5,TrustOnly,1.0,0.5,0.051137204700214725
18,0.5,QOPT_Oracle,1.0,1.0,0.1994939622013433
18,0.5,QOPT_QTRACE,1.0,1.0,0.18738995351071222
18,0.625,Static,1.0,1.0,0.31514460620710816
18,0.625,TrustOnly,1.0,0.5,0.060372842264248994
18,0.625,QOPT_Oracle,1.0,1.0,0.21156783596085868
18,0.625,QOPT_QTRACE,1.0,1.0,0.21718394125459417
18,0.75,Static,1.0,1.0,0.34665532920001607
18,0.75,TrustOnly,1.0,1.0,0.3772340219741751
18,0.75,QOPT_Oracle,1.0,1.0,0.21861634874950708
18,0.75,QOPT_QTRACE,1.0,1.0,0.2080103592808626
18,0.875,Static,1.0,1.0,0.39980537558527607
18,0.875,TrustOnly,1.0,1.0,0.4348695629864239
18,0.875,QOPT_Oracle,1.0,1.0,0.26926899573274055
18,0.875,QOPT_QTRACE,1.0,1.0,0.26019841227868035
18,1.0,Static,1.0,1.0,0.428945956901678
18,1.0,TrustOnly,1.0,1.0,0.46283049629208817
18,1.0,QOPT_Oracle,1.0,1.0,0.2680492227463363
18,1.0,QOPT_QTRACE,1.0,1.0,0.2553519531517008
19,0.0,Static,1.0,1.0,0.07897668783727706
19,0.0,TrustOnly,1.0,0.75,0.02072628689577828
19,0.0,QOPT_Oracle,1.0,1.0,0.07830544937571067
19,0.0,QOPT_QTRACE,1.0,1.0,0.08336651677090685
19,0.125,Static,1.0,1.0,0.10618548296056445
19,0.125,TrustOnly,1.0,0.75,0.028074140987321316
19,0.125,QOPT_Oracle,1.0,1.0,0.06787000638621149
19,0.125,QOPT_QTRACE,1.0,1.0,0.06273209525248273
19,0.25,Static,1.0,1.0,0.13644027894719285
19,0.25,TrustOnly,1.0,0.75,0.034849198271059395
19,0.25,QOPT_Oracle,1.0,1.0,0.08503282271414503
19,0.25,QOPT_QTRACE,1.0,1.0,0.09556677204054118
19,0.375,Static,1.0,1.0,0.169746050999971
19,0.375,TrustOnly,1.0,0.75,0.0442066539081321
19,0.375,QOPT_Oracle,1.0,1.0,0.10769945298802104
19,0.375,QOPT_QTRACE,1.0,1.0,0.10406599323163915
19,0.5,Static,1.0,1.0,0.20477426138864716
19,0.5,TrustOnly,1.0,0.75,0.05317421931734233
19,0.5,QOPT_Oracle,1.0,1.0,0.13046103849303986
19,0.5,QOPT_QTRACE,1.0,1.0,0.12855011409526554
19,0.625,Static,1.0,1.0,0.22153487945287073
19,0.625,TrustOnly,1.0,0.75,0.05856643723635425
19,0.625,QOPT_Oracle,1.0,1.0,0.13929278516644608
19,0.625,QOPT_QTRACE,1.0,1.0,0.15016328453638267
19,0.75,Static,1.0,1.0,0.26154197243101646
19,0.75,TrustOnly,1.0,1.0,0.3799670524360552
19,0.75,QOPT_Oracle,1.0,1.0,0.16235091565451046
19,0.75,QOPT_QTRACE,1.0,1.0,0.16384136546211223
19,0.875,Static,1.0,1.0,0.2881690112234945
19,0.875,TrustOnly,1.0,1.0,0.4283191738934591
19,0.875,QOPT_Oracle,1.0,1.0,0.1811530607110047
19,0.875,QOPT_QTRACE,1.0,1.0,0.1789649955992746
19,1.0,Static,1.0,1.0,0.3136377961081506
19,1.0,TrustOnly,1.0,1.0,0.45750052935329655
19,1.0,QOPT_Oracle,1.0,1.0,0.17842112346984274
19,1.0,QOPT_QTRACE,1.0,1.0,0.18804907858159964
20,0.0,Static,1.0,1.0,0.10790131926720269
20,0.0,TrustOnly,1.0,0.25,0.020803506739519948
20,0.0,QOPT_Oracle,1.0,1.0,0.10760153766284962
20,0.0,QOPT_QTRACE,1.0,1.0,0.11538595661436099
20,0.125,Static,1.0,1.0,0.15112242160514167
20,0.125,TrustOnly,1.0,0.25,0.028758171241952634
20,0.125,QOPT_Oracle,1.0,1.0,0.15238613516345118
20,0.125,QOPT_QTRACE,1.0,1.0,0.14796527680403834
20,0.25,Static,1.0,1.0,0.18927581488561623
20,0.25,TrustOnly,1.0,0.25,0.03668821955859395
20,0.25,QOPT_Oracle,1.0,1.0,0.1899967421088315
20,0.25,QOPT_QTRACE,1.0,1.0,0.17115405404991235
20,0.375,Static,1.0,1.0,0.22949255090946907
20,0.375,TrustOnly,1.0,0.25,0.044340489715041516
20,0.375,QOPT_Oracle,1.0,1.0,0.2300440185368266
20,0.375,QOPT_QTRACE,1.0,1.0,0.23425142353974016
20,0.5,Static,1.0,1.0,0.2644996333118343
20,0.5,TrustOnly,1.0,0.25,0.051004869860623615
20,0.5,QOPT_Oracle,1.0,1.0,0.2644996333118343
20,0.5,QOPT_QTRACE,1.0,1.0,0.26026019487547625
20,0.625,Static,1.0,1.0,0.3079735866124874
20,0.625,TrustOnly,1.0,1.0,0.3356077851841054
20,0.625,QOPT_Oracle,1.0,1.0,0.29260457749973906
20,0.625,QOPT_QTRACE,1.0,1.0,0.2918168179956116
20,0.75,Static,1.0,1.0,0.35069036949449206
20,0.75,TrustOnly,1.0,1.0,0.37630110803756545
20,0.75,QOPT_Oracle,1.0,1.0,0.3323437867631251
20,0.75,QOPT_QTRACE,1.0,1.0,0.2788176766738462
20,0.875,Static,1.0,1.0,0.39407125766011025
20,0.875,TrustOnly,1.0,1.0,0.4236201407936776
20,0.875,QOPT_Oracle,1.0,1.0,0.33841269189241324
20,0.875,QOPT_QTRACE,1.0,1.0,0.3424178878301577
20,1.0,Static,1.0,1.0,0.43778962981831426
20,1.0,TrustOnly,1.0,1.0,0.47502347209120144
20,1.0,QOPT_Oracle,1.0,1.0,0.3791131906815921
20,1.0,QOPT_QTRACE,1.0,1.0,0.36921506589600145
21,0.0,Static,1.0,1.0,0.04919029367823997
21,0.0,TrustOnly,1.0,1.0,0.020314737318905
21,0.0,QOPT_Oracle,1.0,1.0,0.04901645594133429
21,0.0,QOPT_QTRACE,1.0,1.0,0.05115022836524688
21,0.125,Static,1.0,1.0,0.06723016670666346
21,0.125,TrustOnly,1.0,1.0,0.027709713929471157
21,0.125,QOPT_Oracle,1.0,1.0,0.028397346462766912
21,0.125,QOPT_QTRACE,1.0,1.0,0.028283036477857057
21,0.25,Static,1.0,1.0,0.08662207442544598
21,0.25,TrustOnly,1.0,1.0,0.0365746868121279
21,0.25,QOPT_Oracle,1.0,1.0,0.0362700643524316
21,0.25,QOPT_QTRACE,1.0,1.0,0.03670651231297573
21,0.375,Static,1.0,1.0,0.10689560648215123
21,0.375,TrustOnly,1.0,1.0,0.044509860607853884
21,0.375,QOPT_Oracle,1.0,1.0,0.04374496839384518
21,0.375,QOPT_QTRACE,1.0,1.0,0.042198472103431015
21,0.5,Static,1.0,1.0,0.12355882523570562
21,0.5,TrustOnly,1.0,1.0,0.0513043876758526
21,0.5,QOPT_Oracle,1.0,1.0,0.05083894107628905
21,0.5,QOPT_QTRACE,1.0,1.0,0.05613925627715699
21,0.625,Static,1.0,1.0,0.1455628469612459
21,0.625,TrustOnly,1.0,1.0,0.06096142023814022
21,0.625,QOPT_Oracle,1.0,1.0,0.06065455660105851
21,0.625,QOPT_QTRACE,1.0,1.0,0.05953380328478175
21,0.75,Static,1.0,1.0,0.16259950686486485
21,0.75,TrustOnly,1.0,1.0,0.37906353088964995
21,0.75,QOPT_Oracle,1.0,1.0,0.06696643195242892
21,0.75,QOPT_QTRACE,1.0,1.0,0.07008775727643643
21,0.875,Static,1.0,1.0,0.1799271730371466
21,0.875,TrustOnly,1.0,1.0,0.43231211787661455
21,0.875,QOPT_Oracle,1.0,1.0,0.07731920908936891
21,0.875,QOPT_QTRACE,1.0,1.0,0.08007878030064099
21,1.0,Static,1.0,1.0,0.19327583958852576
21,1.0,TrustOnly,1.0,1.0,0.47164725891413495
21,1.0,QOPT_Oracle,1.0,1.0,0.08194591874307702
21,1.0,QOPT_QTRACE,1.0,1.0,0.08022547635652108
22,0.0,Static,1.0,1.0,0.0732247856527188
22,0.0,TrustOnly,1.0,0.5,0.02016886891144335
22,0.0,QOPT_Oracle,1.0,1.0,0.0732247856527188
22,0.0,QOPT_QTRACE,1.0,1.0,0.0732247856527188
22,0.125,Static,1.0,1.0,0.10433221158073323
22,0.125,TrustOnly,1.0,0.5,0.027215542639040604
22,0.125,QOPT_Oracle,1.0,1.0,0.10433221158073323
22,0.125,QOPT_QTRACE,1.0,1.0,0.09185343730885454
22,0.25,Static,1.0,1.0,0.14464719766042405
22,0.25,TrustOnly,1.0,0.5,0.03736334046290002
22,0.25,QOPT_Oracle,1.0,1.0,0.13496904947309205
22,0.25,QOPT_QTRACE,1.0,1.0,0.14232922960171096
22,0.375,Static,1.0,1.0,0.1737651079406277
22,0.375,TrustOnly,1.0,0.5,0.045633400374731965
22,0.375,QOPT_Oracle,1.0,1.0,0.15741128358060988
22,0.375,QOPT_QTRACE,1.0,1.0,0.15250785340272052
22,0.5,Static,1.0,1.0,0.20277711218803843
22,0.5,TrustOnly,1.0,0.5,0.05169138067036645
22,0.5,QOPT_Oracle,1.0,1.0,0.17611492427315514
22,0.5,QOPT_QTRACE,1.0,1.0,0.17557596197793682
22,0.625,Static,1.0,1.0,0.23297316630150586
22,0.625,TrustOnly,1.0,1.0,0.34432181432048825
22,0.625,QOPT_Oracle,1.0,1.0,0.20258307926866015
22,0.625,QOPT_QTRACE,1.0,1.0,0.20764160353757713
22,0.75,Static,1.0,1.0,0.24681092396325383
22,0.75,TrustOnly,1.0,1.0,0.36636124498221556
22,0.75,QOPT_Oracle,1.0,1.0,0.2146652287477313
22,0.75,QOPT_QTRACE,1.0,1.0,0.21595637441620175
22,0.875,Static,1.0,1.0,0.2968888675163013
22,0.875,TrustOnly,1.0,1.0,0.43595428520776797
22,0.875,QOPT_Oracle,1.0,1.0,0.24889858222144715
22,0.875,QOPT_QTRACE,1.0,1.0,0.2513253873351003
22,1.0,Static,1.0,1.0,0.3104288842148153
22,1.0,TrustOnly,1.0,1.0,0.4604208193260557
22,1.0,QOPT_Oracle,1.0,1.0,0.26998568102789117
22,1.0,QOPT_QTRACE,1.0,1.0,0.2540218252254928
23,0.0,Static,1.0,1.0,0.14062266711940816
23,0.0,TrustOnly,1.0,0.0,0.021093400067911224
23,0.0,QOPT_Oracle,1.0,1.0,0.14062266711940816
23,0.0,QOPT_QTRACE,1.0,1.0,0.14062266711940816
23,0.125,Static,1.0,1.0,0.18459972911061673
23,0.125,TrustOnly,1.0,0.0,0.02768995936659251
23,0.125,QOPT_Oracle,1.0,1.0,0.18459972911061673
23,0.125,QOPT_QTRACE,1.0,1.0,0.16812885258163324
23,0.25,Static,1.0,1.0,0.23317829316441788
23,0.25,TrustOnly,1.0,0.0,0.034976743974662675
23,0.25,QOPT_Oracle,1.0,1.0,0.2241677737910633
23,0.25,QOPT_QTRACE,1.0,1.0,0.20290184289867713
23,0.375,Static,1.0,1.0,0.2930354062676206
23,0.375,TrustOnly,1.0,0.0,0.043955310940143086
23,0.375,QOPT_Oracle,1.0,1.0,0.26005029561539517
23,0.375,QOPT_QTRACE,1.0,1.0,0.2547342255638224
23,0.5,Static,1.0,1.0,0.33306552391164335
23,0.5,TrustOnly,1.0,0.0,0.0499598285867465
23,0.5,QOPT_Oracle,1.0,1.0,0.29614847816156653
23,0.5,QOPT_QTRACE,1.0,1.0,0.29055592371808336
23,0.625,Static,1.0,1.0,0.41897890693444256
23,0.625,TrustOnly,1.0,1.0,0.3561320708942762
23,0.625,QOPT_Oracle,1.0,1.0,0.3561320708942762
23,0.625,QOPT_QTRACE,1.0,1.0,0.3457450930668637
23,0.75,Static,1.0,1.0,0.4638337162401626
23,0.75,TrustOnly,1.0,1.0,0.3942586588041382
23,0.75,QOPT_Oracle,1.0,1.0,0.3942586588041382
23,0.75,QOPT_QTRACE,1.0,1.0,0.3948224389521056
23,0.875,Static,1.0,1.0,0.5211280759709099
23,0.875,TrustOnly,1.0,1.0,0.44295886457527345
23,0.875,QOPT_Oracle,1.0,1.0,0.4333565235046434
23,0.875,QOPT_QTRACE,1.0,1.0,0.431651738082454
23,1.0,Static,1.0,1.0,0.5515247022018374
23,1.0,TrustOnly,1.0,1.0,0.4687959968715618
23,1.0,QOPT_Oracle,1.0,1.0,0.4687959968715618
23,1.0,QOPT_QTRACE,1.0,1.0,0.441531670737506
24,0.0,Static,1.0,1.0,0.04841962997839151
24,0.0,TrustOnly,1.0,1.0,0.019721477166318134
24,0.0,QOPT_Oracle,1.0,1.0,0.04841962997839151
24,0.0,QOPT_QTRACE,1.0,1.0,0.05617938998149888
24,0.125,Static,1.0,1.0,0.06730870429552323
24,0.125,TrustOnly,1.0,1.0,0.02786370564091082
24,0.125,QOPT_Oracle,1.0,1.0,0.02786370564091082
24,0.125,QOPT_QTRACE,1.0,1.0,0.025431766608599353
24,0.25,Static,1.0,1.0,0.0867065249594955
24,0.25,TrustOnly,1.0,1.0,0.03608276416070873
24,0.25,QOPT_Oracle,1.0,1.0,0.03608276416070873
24,0.25,QOPT_QTRACE,1.0,1.0,0.039622486769257365
24,0.375,Static,1.0,1.0,0.10327434150976798
24,0.375,TrustOnly,1.0,1.0,0.04379451799786994
24,0.375,QOPT_Oracle,1.0,1.0,0.04379451799786994
24,0.375,QOPT_QTRACE,1.0,1.0,0.04294859754400888
24,0.5,Static,1.0,1.0,0.12411915025257649
24,0.5,TrustOnly,1.0,1.0,0.05146162253656357
24,0.5,QOPT_Oracle,1.0,1.0,0.05146162253656357
24,0.5,QOPT_QTRACE,1.0,1.0,0.05362760552878587
24,0.625,Static,1.0,1.0,0.14087309470343454
24,0.625,TrustOnly,1.0,1.0,0.05838787942999796
24,0.625,QOPT_Oracle,1.0,1.0,0.05838787942999796
24,0.625,QOPT_QTRACE,1.0,1.0,0.055786743326466395
24,0.75,Static,1.0,1.0,0.16199358646944778
24,0.75,TrustOnly,1.0,1.0,0.37716329174735963
24,0.75,QOPT_Oracle,1.0,1.0,0.06655822795541641
24,0.75,QOPT_QTRACE,1.0,1.0,0.06414245284856979
24,0.875,Static,1.0,1.0,0.1886191983520611
24,0.875,TrustOnly,1.0,1.0,0.4424523760494587
24,0.875,QOPT_Oracle,1.0,1.0,0.07807983106755154
24,0.875,QOPT_QTRACE,1.0,1.0,0.07840748541724957
24,1.0,Static,1.0,1.0,0.2006642561833209
24,1.0,TrustOnly,1.0,1.0,0.47119614109749064
24,1.0,QOPT_Oracle,1.0,1.0,0.08315226019367482
24,1.0,QOPT_QTRACE,1.0,1.0,0.0824068005103494
25,0.0,Static,1.0,1.0,0.07920926104471823
25,0.0,TrustOnly,1.0,0.75,0.020204114892377223
25,0.0,QOPT_Oracle,1.0,1.0,0.07920926104471823
25,0.0,QOPT_QTRACE,1.0,1.0,0.08553382946013623
25,0.125,Static,1.0,1.0,0.10401348677315396
25,0.125,TrustOnly,1.0,0.75,0.027191032753619913
25,0.125,QOPT_Oracle,1.0,1.0,0.065660897009035
25,0.125,QOPT_QTRACE,1.0,1.0,0.07594950176662775
25,0.25,Static,1.0,1.0,0.139858928196604
25,0.25,TrustOnly,1.0,0.75,0.03588508583273887
25,0.25,QOPT_Oracle,1.0,1.0,0.08755396100314852
25,0.25,QOPT_QTRACE,1.0,1.0,0.08752670773221675
25,0.375,Static,1.0,1.0,0.17354657247616145
25,0.375,TrustOnly,1.0,0.75,0.045355481422954314
25,0.375,QOPT_Oracle,1.0,1.0,0.11151659658262562
25,0.375,QOPT_QTRACE,1.0,1.0,0.12411441077457382
25,0.5,Static,1.0,1.0,0.19881793871026035
25,0.5,TrustOnly,1.0,0.75,0.051443453934998745
25,0.5,QOPT_Oracle,1.0,1.0,0.1253022462822387
25,0.5,QOPT_QTRACE,1.0,1.0,0.1259652966645567
25,0.625,Static,1.0,1.0,0.22754383614847074
25,0.625,TrustOnly,1.0,1.0,0.3385034520345262
25,0.625,QOPT_Oracle,1.0,1.0,0.14486664027105997
25,0.625,QOPT_QTRACE,1.0,1.0,0.13298301268137322
25,0.75,Static,1.0,1.0,0.2647739497328551
25,0.75,TrustOnly,1.0,1.0,0.39900406147301903
25,0.75,QOPT_Oracle,1.0,1.0,0.1668868516190956
25,0.75,QOPT_QTRACE,1.0,1.0,0.16898596028761778
25,0.875,Static,1.0,1.0,0.2812711917143464
25,0.875,TrustOnly,1.0,1.0,0.41973309976539847
25,0.875,QOPT_Oracle,1.0,1.0,0.17553764807142894
25,0.875,QOPT_QTRACE,1.0,1.0,0.1693612221346106
25,1.0,Static,1.0,1.0,0.30833622154542206
25,1.0,TrustOnly,1.0,1.0,0.45653240292902797
25,1.0,QOPT_Oracle,1.0,1.0,0.18810966740166038
25,1.0,QOPT_QTRACE,1.0,1.0,0.18165567457731518
26,0.0,Static,1.0,1.0,0.11099632091716155
26,0.0,TrustOnly,1.0,0.25,0.021267346289111273
26,0.0,QOPT_Oracle,1.0,1.0,0.11099632091716155
26,0.0,QOPT_QTRACE,1.0,1.0,0.11099632091716155
26,0.125,Static,1.0,1.0,0.1404561845505475
26,0.125,TrustOnly,1.0,0.25,0.026453640258234455
26,0.125,QOPT_Oracle,1.0,1.0,0.1404561845505475
26,0.125,QOPT_QTRACE,1.0,1.0,0.1334054813784814
26,0.25,Static,1.0,1.0,0.1948865070703671
26,0.25,TrustOnly,1.0,0.25,0.036748507732814566
26,0.25,QOPT_Oracle,1.0,1.0,0.18498426527289408
26,0.25,QOPT_QTRACE,1.0,1.0,0.18196421549716782
26,0.375,Static,1.0,1.0,0.2344279337859583
26,0.375,TrustOnly,1.0,0.25,0.045454183499469496
26,0.375,QOPT_Oracle,1.0,1.0,0.21582110546768854
26,0.375,QOPT_QTRACE,1.0,1.0,0.21317422091905175
26,0.5,Static,1.0,1.0,0.2804269130400529
26,0.5,TrustOnly,1.0,0.25,0.05395511266315718
26,0.5,QOPT_Oracle,1.0,1.0,0.2553202952943966
26,0.5,QOPT_QTRACE,1.0,1.0,0.26440081985656483
26,0.625,Static,1.0,1.0,0.3205001647263912
26,0.625,TrustOnly,1.0,0.25,0.06177916942262586
26,0.625,QOPT_Oracle,1.0,1.0,0.2889934382590213
26,0.625,QOPT_QTRACE,1.0,1.0,0.2984019373886126
26,0.75,Static,1.0,1.0,0.3404198389556183
26,0.75,TrustOnly,1.0,1.0,0.37029153395270886
26,0.75,QOPT_Oracle,1.0,1.0,0.30757219303706834
26,0.75,QOPT_QTRACE,1.0,1.0,0.29882416594738825
26,0.875,Static,1.0,1.0,0.39048965345895403
26,0.875,TrustOnly,1.0,1.0,0.4213829574939879
26,0.875,QOPT_Oracle,1.0,1.0,0.33470236726877833
26,0.875,QOPT_QTRACE,1.0,1.0,0.3397407932320077
26,1.0,Static,1.0,1.0,0.44649490256477165
26,1.0,TrustOnly,1.0,1.0,0.48489489866482666
26,1.0,QOPT_Oracle,1.0,1.0,0.38280221764151934
26,1.0,QOPT_QTRACE,1.0,1.0,0.3768520788964589
27,0.0,Static,1.0,1.0,0.13599578263487513
27,0.0,TrustOnly,1.0,0.0,0.02039936739523127
27,0.0,QOPT_Oracle,1.0,1.0,0.13578876536353307
27,0.0,QOPT_QTRACE,1.0,1.0,0.14644002421011865
27,0.125,Static,1.0,1.0,0.18768564413817998
27,0.125,TrustOnly,1.0,0.0,0.028152846620726993
27,0.125,QOPT_Oracle,1.0,1.0,0.18721231949347453
27,0.125,QOPT_QTRACE,1.0,1.0,0.20489848791132897
27,0.25,Static,1.0,1.0,0.24653871899088947
27,0.25,TrustOnly,1.0,0.0,0.036980807848633425
27,0.25,QOPT_Oracle,1.0,1.0,0.23622274786458178
27,0.25,QOPT_QTRACE,1.0,1.0,0.22745819824066363
27,0.375,Static,1.0,1.0,0.2924925192916952
27,0.375,TrustOnly,1.0,0.0,0.04387387789375427
27,0.375,QOPT_Oracle,1.0,1.0,0.2589797805589724
27,0.375,QOPT_QTRACE,1.0,1.0,0.2741145593962774
27,0.5,Static,1.0,1.0,0.33134295764565386
27,0.5,TrustOnly,1.0,0.0,0.04970144364684808
27,0.5,QOPT_Oracle,1.0,1.0,0.30168100857123953
27,0.5,QOPT_QTRACE,1.0,1.0,0.3017692410039195
27,0.625,Static,1.0,1.0,0.4040473800520369
27,0.625,TrustOnly,1.0,1.0,0.34344027304423136
27,0.625,QOPT_Oracle,1.0,1.0,0.36887455973750416
27,0.625,QOPT_QTRACE,1.0,1.0,0.3737114288822994
27,0.75,Static,1.0,1.0,0.4392841468674884
27,0.75,TrustOnly,1.0,1.0,0.37339152483736515
27,0.75,QOPT_Oracle,1.0,1.0,0.39014660005888924
27,0.75,QOPT_QTRACE,1.0,1.0,0.37327397930492107
27,0.875,Static,1.0,1.0,0.5041743847778319
27,0.875,TrustOnly,1.0,1.0,0.4285482270611572
27,0.875,QOPT_Oracle,1.0,1.0,0.4452747064876288
27,0.875,QOPT_QTRACE,1.0,1.0,0.45233496938973533
27,1.0,Static,1.0,1.0,0.5587611247972937
27,1.0,TrustOnly,1.0,1.0,0.4749469560776996
27,1.0,QOPT_Oracle,1.0,1.0,0.47390413577048957
27,1.0,QOPT_QTRACE,1.0,1.0,0.4259058615583056
28,0.0,Static,1.0,1.0,0.05180705882153515
28,0.0,TrustOnly,1.0,0.75,0.020541815646098943
28,0.0,QOPT_Oracle,1.0,1.0,0.05131901731968927
28,0.0,QOPT_QTRACE,1.0,1.0,0.05545390223574144
28,0.125,Static,1.0,1.0,0.07238504355631323
28,0.125,TrustOnly,1.0,0.75,0.029712097707637247
28,0.125,QOPT_Oracle,1.0,1.0,0.07296899270833421
28,0.125,QOPT_QTRACE,1.0,1.0,0.06536050977912888
28,0.25,Static,1.0,1.0,0.08958556332219622
28,0.25,TrustOnly,1.0,0.75,0.03539402240061938
28,0.25,QOPT_Oracle,1.0,1.0,0.0900186898081227
28,0.25,QOPT_QTRACE,1.0,1.0,0.09452220202170841
28,0.375,Static,1.0,1.0,0.10776258558959091
28,0.375,TrustOnly,1.0,0.75,0.04468464750904723
28,0.375,QOPT_Oracle,1.0,1.0,0.1076872461361496
28,0.375,QOPT_QTRACE,1.0,1.0,0.10746042757130415
28,0.5,Static,1.0,1.0,0.12326337449600257
28,0.5,TrustOnly,1.0,0.75,0.05168202620908713
28,0.5,QOPT_Oracle,1.0,1.0,0.12300301994456467
28,0.5,QOPT_QTRACE,1.0,1.0,0.13287280052190736
28,0.625,Static,1.0,1.0,0.14963994132572053
28,0.625,TrustOnly,1.0,1.0,0.3403046258024902
28,0.625,QOPT_Oracle,1.0,1.0,0.14600535648738314
28,0.625,QOPT_QTRACE,1.0,1.0,0.1447820719084118
28,0.75,Static,1.0,1.0,0.1626651079325266
28,0.75,TrustOnly,1.0,1.0,0.37443100423578213
28,0.75,QOPT_Oracle,1.0,1.0,0.1445054123464881
28,0.75,QOPT_QTRACE,1.0,1.0,0.14019654507572912
28,0.875,Static,1.0,1.0,0.18642826983891028
28,0.875,TrustOnly,1.0,1.0,0.43973140126730714
28,0.875,QOPT_Oracle,1.0,1.0,0.16653618854197166
28,0.875,QOPT_QTRACE,1.0,1.0,0.17212141354891458
28,1.0,Static,1.0,1.0,0.19993306191164972
28,1.0,TrustOnly,1.0,1.0,0.4756995079163699
28,1.0,QOPT_Oracle,1.0,1.0,0.1805627363236928
28,1.0,QOPT_QTRACE,1.0,1.0,0.1783225742956062
29,0.0,Static,1.0,1.0,0.10225146889770523
29,0.0,TrustOnly,1.0,0.5,0.01940143203831151
29,0.0,QOPT_Oracle,1.0,1.0,0.10253575652330806
29,0.0,QOPT_QTRACE,1.0,1.0,0.1154298924273272
29,0.125,Static,1.0,1.0,0.1470224202208844
29,0.125,TrustOnly,1.0,0.5,0.028158492906663554
29,0.125,QOPT_Oracle,1.0,1.0,0.10708941843752069
29,0.125,QOPT_QTRACE,1.0,1.0,0.12498589571665564
29,0.25,Static,1.0,1.0,0.18801616268671834
29,0.25,TrustOnly,1.0,0.5,0.03568326708339129
29,0.25,QOPT_Oracle,1.0,1.0,0.1347609721921466
29,0.25,QOPT_QTRACE,1.0,1.0,0.15329069099320175
29,0.375,Static,1.0,1.0,0.22910389827663474
29,0.375,TrustOnly,1.0,0.5,0.04435008323266289
29,0.375,QOPT_Oracle,1.0,1.0,0.15385414177865625
29,0.375,QOPT_QTRACE,1.0,1.0,0.14922086052190725
29,0.5,Static,1.0,1.0,0.27377807533544274
29,0.5,TrustOnly,1.0,0.5,0.05170255070393247
29,0.5,QOPT_Oracle,1.0,1.0,0.18487872585985585
29,0.5,QOPT_QTRACE,1.0,1.0,0.16314605668811663
29,0.625,Static,1.0,1.0,0.32475323528084693
29,0.625,TrustOnly,1.0,1.0,0.3522188217416211
29,0.625,QOPT_Oracle,1.0,1.0,0.21581601126764155
29,0.625,QOPT_QTRACE,1.0,1.0,0.21356346441297708
29,0.75,Static,1.0,1.0,0.35692447332075133
29,0.75,TrustOnly,1.0,1.0,0.3860295017459857
29,0.75,QOPT_Oracle,1.0,1.0,0.22895896560696885
29,0.75,QOPT_QTRACE,1.0,1.0,0.2218193739744141
29,0.875,Static,1.0,1.0,0.3935572344102991
29,0.875,TrustOnly,1.0,1.0,0.4255133625023021
29,0.875,QOPT_Oracle,1.0,1.0,0.2514836353629785
29,0.875,QOPT_QTRACE,1.0,1.0,0.23913698628274255
29,1.0,Static,1.0,1.0,0.4412488302206266
29,1.0,TrustOnly,1.0,1.0,0.4775698238712232
29,1.0,QOPT_Oracle,1.0,1.0,0.28930138934305316
29,1.0,QOPT_QTRACE,1.0,1.0,0.28493974187453686
