seed,solver,objective,runtime_s,violations,approximation_ratio
0,Exact,1.5702278299821586,0.001964759998372756,0,1.0
0,Greedy,1.5702278299821586,1.8718012142926455e-05,0,1.0
0,MILP,1.5702278299821586,0.0016635339998174459,0,1.0
0,SimulatedAnnealing,1.5702278299821586,0.011960567004280165,0,1.0
0,Q-Learning,1.5702278299821586,0.04691100500349421,0,1.0
0,QAOA(p=2),2.3596303203250955,4.172485134011367,1,1.5027311803229895
1,Exact,0.9226475351749741,0.00220923000597395,0,1.0
1,Greedy,0.9226475351749741,2.189299266319722e-05,0,1.0
1,MILP,0.9226475351749741,0.0011082929995609447,0,1.0
1,SimulatedAnnealing,0.9226475351749741,0.012026673008222133,0,1.0
1,Q-Learning,0.9226475351749741,0.04988739200052805,0,1.0
1,QAOA(p=2),1.5141317461633008,3.5721156439976767,1,1.6410727698699759
2,Exact,1.4111297270401622,0.002498039000784047,0,1.0
2,Greedy,1.4111297270401622,2.3451997549273074e-05,0,1.0
2,MILP,1.4111297270401622,0.00110817099630367,0,1.0
2,SimulatedAnnealing,1.4111297270401622,0.013514954000129364,0,1.0
2,Q-Learning,1.4111297270401622,0.05087090599408839,0,1.0
2,QAOA(p=2),1.7630136349153247,4.424574384000152,0,1.2493632591903774
3,Exact,0.722180823782864,0.0025362119922647253,0,1.0
3,Greedy,0.722180823782864,2.702500205487013e-05,0,1.0
3,MILP,0.722180823782864,0.0011924690043088049,0,1.0
3,SimulatedAnnealing,0.722180823782864,0.012949030002346262,0,1.0
3,Q-Learning,0.722180823782864,0.07461160499951802,0,1.0
3,QAOA(p=2),0.8331360977403222,5.8646121279889485,0,1.1536391860645954
4,Exact,0.7061571021374959,0.0021809079917147756,0,1.0
4,Greedy,0.7061571021374959,2.1970001398585737e-05,0,1.0
4,MILP,0.7061571021374959,0.0011375709873391315,0,1.0
4,SimulatedAnnealing,0.7061571021374959,0.012409892995492555,0,1.0
4,Q-Learning,0.7061571021374959,0.051907308006775565,0,1.0
4,QAOA(p=2),1.427266695796888,4.075310900996556,0,2.0211744546314634
5,Exact,1.234383913777691,0.0021897469996474683,0,1.0
5,Greedy,1.234383913777691,2.768301055766642e-05,0,1.0
5,MILP,1.234383913777691,0.0012840429990319535,0,1.0
5,SimulatedAnnealing,1.234383913777691,0.016057236003689468,0,1.0
5,Q-Learning,1.2445482957878937,0.049061091005569324,0,1.0082343765960913
5,QAOA(p=2),2.368427194231444,3.7751696890045423,2,1.9187119726658968
6,Exact,1.2303902163834408,0.002524130992242135,0,1.0
6,Greedy,1.2303902163834408,2.7058005798608065e-05,0,1.0
6,MILP,1.2303902163834408,0.0013080409989925101,0,1.0
6,SimulatedAnnealing,1.2303902163834408,0.015352553993579932,0,1.0
6,Q-Learning,1.2303902163834408,0.0553561379929306,0,1.0
6,QAOA(p=2),1.4387417819668826,3.622294390996103,0,1.169337794472929
7,Exact,1.803456717323897,0.002382859995122999,0,1.0
7,Greedy,1.803456717323897,2.59569933405146e-05,0,1.0
7,MILP,1.803456717323897,0.0011969139886787161,0,1.0
7,SimulatedAnnealing,1.803456717323897,0.014040969996131025,0,1.0
7,Q-Learning,1.803456717323897,0.047653140005422756,0,1.0
7,QAOA(p=2),1.803456717323897,4.568114451991278,0,1.0
8,Exact,1.2101203510822955,0.002361131992074661,0,1.0
8,Greedy,1.2101203510822955,2.82179971691221e-05,0,1.0
8,MILP,1.2101203510822955,0.001070762999006547,0,1.0
8,SimulatedAnnealing,1.2101203510822955,0.011619313998380676,0,1.0
8,Q-Learning,1.2113548547578858,0.05136770399985835,0,1.0010201495037137
8,QAOA(p=2),1.2101203510822955,4.431784450993291,0,1.0
9,Exact,1.307189902863115,0.002184263998060487,0,1.0
9,Greedy,1.307189902863115,2.8327995096333325e-05,0,1.0
9,MILP,1.307189902863115,0.0012429030030034482,0,1.0
9,SimulatedAnnealing,1.307189902863115,0.014847454003756866,0,1.0
9,Q-Learning,1.307189902863115,0.054146822993061505,0,1.0
9,QAOA(p=2),1.7818100137312172,3.160844323996571,0,1.3630842847152889
10,Exact,1.0952792287247917,0.002685519997612573,0,1.0
10,Greedy,1.0952792287247917,2.2962005459703505e-05,0,1.0
10,MILP,1.0952792287247917,0.0010990610026055947,0,1.0
10,SimulatedAnnealing,1.0952792287247917,0.012329614008194767,0,1.0
10,Q-Learning,1.0952792287247917,0.05868585599819198,0,1.0
10,QAOA(p=2),1.0952792287247917,4.1382809310016455,0,1.0
11,Exact,0.8456087887558823,0.0021538020082516596,0,1.0
11,Greedy,0.8456087887558823,2.9319009627215564e-05,0,1.0
11,MILP,0.8456087887558823,0.0014073100028326735,0,1.0
11,SimulatedAnnealing,0.8456087887558823,0.013104177996865474,0,1.0
11,Q-Learning,0.8456087887558823,0.0517767799901776,0,1.0
11,QAOA(p=2),0.8456087887558823,3.742794648002018,0,1.0
12,Exact,1.2429534116955097,0.0023262690083356574,0,1.0
12,Greedy,1.2429534116955097,2.4838998797349632e-05,0,1.0
12,MILP,1.2429534116955097,0.0012334479979472235,0,1.0
12,SimulatedAnnealing,1.2429534116955097,0.013895314012188464,0,1.0
12,Q-Learning,1.2429534116955097,0.04977361600322183,0,1.0
12,QAOA(p=2),2.2513441673427366,4.305316514000879,1,1.8112860435144416
13,Exact,0.5347604776195567,0.0019539030035957694,0,1.0
13,Greedy,0.5347604776195567,2.3509011953137815e-05,0,1.0
13,MILP,0.5347604776195567,0.001130589997046627,0,1.0
13,SimulatedAnnealing,0.5347604776195567,0.012520903997938149,0,1.0
13,Q-Learning,0.5347604776195567,0.05132360800052993,0,1.0
13,QAOA(p=2),0.5347604776195567,4.687394487991696,0,1.0
14,Exact,1.2428456681804363,0.0025287009921157733,0,1.0
14,Greedy,1.2428456681804363,2.190099621657282e-05,0,1.0
14,MILP,1.2428456681804363,0.0011462749971542507,0,1.0
14,SimulatedAnnealing,1.2428456681804363,0.012049319004290737,0,1.0
14,Q-Learning,1.2428456681804363,0.05132758199761156,0,1.0
14,QAOA(p=2),1.4377850160519188,3.7974263380019693,0,1.1568491992709597
15,Exact,1.0412530968870044,0.0021810649923281744,0,1.0
15,Greedy,1.0412530968870044,2.7147005312144756e-05,0,1.0
15,MILP,1.0412530968870044,0.0013197829975979403,0,1.0
15,SimulatedAnnealing,1.0412530968870044,0.01449512000544928,0,1.0
15,Q-Learning,1.0412530968870044,0.052967038995120674,0,1.0
15,QAOA(p=2),1.0719451490944891,2.9924702839925885,0,1.0294760729156471
16,Exact,1.2916859354236294,0.001987252995604649,0,1.0
16,Greedy,1.2916859354236294,2.1094994735904038e-05,0,1.0
16,MILP,1.2916859354236294,0.0010688259935704991,0,1.0
16,SimulatedAnnealing,1.2916859354236294,0.01167488501232583,0,1.0
16,Q-Learning,1.300013180419839,0.05138979099865537,0,1.0064468031801233
16,QAOA(p=2),2.2941325070583503,3.5129143749945797,1,1.7760760910553324
17,Exact,0.7894366446645336,0.002021777007030323,0,1.0
17,Greedy,0.7894366446645336,2.352100273128599e-05,0,1.0
17,MILP,0.7894366446645336,0.0010136560013052076,0,1.0
17,SimulatedAnnealing,0.7894366446645336,0.01195219499641098,0,1.0
17,Q-Learning,0.7894366446645336,0.049659513009828515,0,1.0
17,QAOA(p=2),1.2761742510768244,3.016335077001713,0,1.6165632286035152
18,Exact,0.8334148279514864,0.0022970530117163435,0,1.0
18,Greedy,0.8334148279514864,2.5402987375855446e-05,0,1.0
18,MILP,0.8334148279514864,0.0012746150023303926,0,1.0
18,SimulatedAnnealing,0.8334148279514864,0.014919092995114625,0,1.0
18,Q-Learning,0.8334148279514864,0.04872011700354051,0,1.0
18,QAOA(p=2),0.9526019106224908,3.3930231959966477,0,1.1430105137005582
19,Exact,1.2259474771039436,0.00248472900420893,0,1.0
19,Greedy,1.2259474771039436,2.863099507521838e-05,0,1.0
19,MILP,1.2259474771039436,0.0014243540063034743,0,1.0
19,SimulatedAnnealing,1.2259474771039436,0.01385879200825002,0,1.0
19,Q-Learning,1.2259474771039436,0.057412727997871116,0,1.0
19,QAOA(p=2),1.6867889790986794,3.439870267000515,0,1.375906399418825
20,Exact,1.7048169456230369,0.002512752005713992,0,1.0
20,Greedy,1.7048169456230369,2.4349006707780063e-05,0,1.0
20,MILP,1.7048169456230369,0.001167460999567993,0,1.0
20,SimulatedAnnealing,1.7048169456230369,0.013236207989393733,0,1.0
20,Q-Learning,1.7048169456230369,0.05411429599917028,0,1.0
20,QAOA(p=2),3.241300814775613,3.185141444002511,1,1.90126032187641
21,Exact,0.9500309013074144,0.0021296400082064793,0,1.0
21,Greedy,0.9500309013074144,3.44440049957484e-05,0,1.0
21,MILP,0.9500309013074144,0.0014437559875659645,0,1.0
21,SimulatedAnnealing,0.9500309013074144,0.019772343002841808,0,1.0
21,Q-Learning,0.9500309013074144,0.05410338399815373,0,1.0
21,QAOA(p=2),1.849028534054625,3.5728398229985032,1,1.9462825172423626
22,Exact,0.6566254283866471,0.002379371988354251,0,1.0
22,Greedy,0.6566254283866471,5.4930002079345286e-05,0,1.0
22,MILP,0.6566254283866471,0.0016195930074900389,0,1.0
22,SimulatedAnnealing,0.6566254283866471,0.016229582004598342,0,1.0
22,Q-Learning,0.6566254283866471,0.07490686600795016,0,1.0
22,QAOA(p=2),0.6566254283866471,4.746747030003462,0,1.0
23,Exact,1.0747467359919085,0.0026963199925376102,0,1.0
23,Greedy,1.0747467359919085,2.5303990696556866e-05,0,1.0
23,MILP,1.0747467359919085,0.0011661190073937178,0,1.0
23,SimulatedAnnealing,1.0747467359919085,0.013409519000560977,0,1.0
23,Q-Learning,1.0747467359919085,0.06373787499614991,0,1.0
23,QAOA(p=2),1.9572029929437065,3.7584570899925893,0,1.8210829839249139
24,Exact,0.7604027804858902,0.0024821319966576993,0,1.0
24,Greedy,0.7604027804858902,2.3257991415448487e-05,0,1.0
24,MILP,0.7604027804858902,0.0010586959979264066,0,1.0
24,SimulatedAnnealing,0.7604027804858902,0.012314003994106315,0,1.0
24,Q-Learning,0.7604027804858902,0.06073406200448517,0,1.0
24,QAOA(p=2),1.7118821346743118,3.8630441010027425,2,2.25128337061108
25,Exact,1.1666574184929175,0.002075427008094266,0,1.0
25,Greedy,1.1666574184929175,2.8775000828318298e-05,0,1.0
25,MILP,1.1666574184929175,0.0014515510119963437,0,1.0
25,SimulatedAnnealing,1.1666574184929175,0.015618211007677019,0,1.0
25,Q-Learning,1.1666574184929175,0.04941070798668079,0,1.0
25,QAOA(p=2),1.1666574184929175,4.362537909997627,0,1.0
26,Exact,0.8827942592938598,0.0026644150057109073,0,1.0
26,Greedy,0.8827942592938598,6.006199691910297e-05,0,1.0
26,MILP,0.8827942592938598,0.001541482997708954,0,1.0
26,SimulatedAnnealing,0.8827942592938598,0.0227722910058219,0,1.0
26,Q-Learning,0.8827942592938598,0.056620898001710884,0,1.0
26,QAOA(p=2),1.847395243645721,4.4886446699965745,0,2.0926679395530257
27,Exact,1.3702885603447612,0.0023173299996415153,0,1.0
27,Greedy,1.3702885603447612,2.5298999389633536e-05,0,1.0
27,MILP,1.3702885603447612,0.001438448001863435,0,1.0
27,SimulatedAnnealing,1.3702885603447612,0.0158656260027783,0,1.0
27,Q-Learning,1.3702885603447612,0.063944059991627,0,1.0
27,QAOA(p=2),1.4269444431566853,4.861141780987964,0,1.0413459503724307
28,Exact,0.6884333484754137,0.0022373190004145727,0,1.0
28,Greedy,0.6884333484754137,2.579900319688022e-05,0,1.0
28,MILP,0.6884333484754137,0.0013044520019320771,0,1.0
28,SimulatedAnnealing,0.6884333484754137,0.01540973199007567,0,1.0
28,Q-Learning,0.6884333484754137,0.05503630999010056,0,1.0
28,QAOA(p=2),0.6884333484754137,3.6189989160047844,0,1.0
29,Exact,1.1292285925871397,0.002589005001937039,0,1.0
29,Greedy,1.1292285925871397,2.3316009901463985e-05,0,1.0
29,MILP,1.1292285925871397,0.0011959050025325269,0,1.0
29,SimulatedAnnealing,1.1292285925871397,0.012112765994970687,0,1.0
29,Q-Learning,1.1292285925871397,0.049382780998712406,0,1.0
29,QAOA(p=2),1.1292285925871397,4.3175244150043,0,1.0
